지역합,POS코드,판매점명,주소,총실적,거래점1,실적1,거래점2,실적2,위도,경도
부산 연제구,P081521,(CVC)온라인_주식회사 유모스트,부산 연제구 거제제2동,135,유모스트,135,,0,35.18937,129.071726
부산 부산진구,P286308,(CVC)온라인_에스엠네트웍스,부산 부산진구 양정제2동,81,에스엠,81,,0,35.175198,129.073244
대구 북구,P427986,주식회사 퍼스트모바일 서변지점,대구 북구 호국로 211,81,에스엠,63,수인,18,35.92062306,128.5989808
부산 연제구,P787146,(CVC)온라인_(주)빅뱅,부산 연제구 거제제1동,59,빅뱅,59,,0,35.191208,129.074897
경북 경산시,P988144,레드베스트,경북 경산시 대학로 42,56,마라톤,5,수인_H,51,35.83388632,128.7272141
경북 김천시,P370629,보름통신_부곡,경북 김천시 송설로 158,50,수인,50,,0,36.12362278,128.1019862
부산 부산진구,P190992,서면휴대폰성지 폰마트,부산 부산진구 전포대로200번길 8,42,에스엠,42,,0,35.15438788,129.0659502
울산 울주군,P304450,착한 휴대폰,울산 울주군 온양읍 대운길 40,38,유모스트,34,에스엠,4,35.41290845,129.2816938
부산 부산진구,P173901,캐슬컴퍼니,부산 부산진구 엄광로 68,37,에스엠,29,뉴에이스,8,35.14661344,129.0269894
대구 달서구,P925279,고운,대구 달서구 월암로 8,37,에스엠,36,충청모바일,1,35.81950951,128.5228465
대구 북구,P378702,스피드대구,대구 북구 유통단지로 16,32,충청모바일,32,,0,35.90496577,128.6063956
경북 구미시,P388306,휴대폰성지 올영폰 구미진평점,경북 구미시 인동15길 5,32,유모스트,12,태성,20,36.09988894,128.4258021
부산 부산진구,P974199,이번가모바일,부산 부산진구 중앙대로 686,31,메타,31,,0,35.15258194,129.0567914
경남 양산시,P787569,양산휴대폰성지,경남 양산시 물금읍 서들로 148,30,에스엠,17,수인,13,35.3118187,129.0066871
대구 동구,P441488,깜짝폰,대구 동구 화랑로 51,29,에스엠,7,태성,22,35.87174927,128.629306
대구 수성구,P901998,프린팅 휴대폰,대구 수성구 들안로28길 24-20,29,뉴에이스,29,,0,35.84254979,128.6191695
부산 금정구,P371511,휴대폰성지 따르릉통신 부산대점,부산 금정구 금정로60번길 27-8,28,빅뱅,1,에스엠,27,35.22989815,129.0880293
부산 부산진구,P458348,부산폰성지,부산 부산진구 동천로 4,28,에스엠,28,,0,35.14943623,129.0639756
부산 해운대구,P481689,챔피언텔레콤,부산 해운대구 재반로270번길 33,28,메타,25,강산,3,35.20125134,129.1335539
경북 구미시,P422823,벤츠황상,경북 구미시 검성로 104,27,에스엠,13,뉴에이스,14,36.10408149,128.4293008
경북 포항시,P376955,하트오천,경북 포항시 남구 오천읍 하원로47번길 15-6,26,유모스트,15,태성,11,35.97454558,129.4025642
부산 사상구,P385959,영웅텔레콤(괘법동),부산 사상구 사상로 216,26,유모스트,15,에스엠,11,35.16437064,128.9838452
경남 양산시,P282197,제이제이더블유통신,경남 양산시 양산역6길 13,25,유모스트,18,에스엠,7,35.33749191,129.0274089
부산 남구,P494374,부산휴대폰성지,부산 남구 수영로 312,25,빅뱅,17,메타,8,35.13697953,129.1006207
부산 부산진구,P564237,주식회사 에이유커뮤니케이션,부산 부산진구 중앙대로692번길 26,25,빅뱅,25,,0,35.15434034,129.0606477
경북 구미시,P356884,참통신2호점,경북 구미시 옥계북로 27,23,유모스트,5,수인,18,36.13856612,128.4207713
경남 김해시,P385334,하니모바일 500,경남 김해시 장유로 228,23,빅뱅,6,수석_경상,17,35.2038337,128.8090142
울산 북구,P508002,투엑스라지폰,울산 북구 화암7길 5,23,에스엠,11,골드스타,12,35.63399545,129.4379044
부산 부산진구,P576661,주식회사 디엘유통 서면지점,부산 부산진구 중앙대로 701-4,23,수인,23,,0,35.15543197,129.0588115
부산 연제구,P664567,이룸SC컴퍼니 연산,부산 연제구 연수로 103,23,에스엠,19,수인,4,35.17997046,129.078507
경남 양산시,P974419,양산휴대폰성지_2호,경남 양산시 동면 금오13길 46-5,23,에스엠,16,수인,7,35.31987344,129.0252636
부산 동래구,P124474,휴대폰성지킹_동래점,부산 동래구 온천천로 75,22,빅뱅,6,메타,16,35.21246954,129.0802868
울산 동구,P231560,휴대폰가격이알고싶다_울산점,울산 동구 진성14길 63,22,에스엠,18,충청모바일,4,35.50813219,129.425508
부산 기장군,P356726,비엠(BM)컴퍼니 이진,부산 기장군 정관읍 정관로 545,22,에스엠,20,도매직영,2,35.32230087,129.1748441
경북 구미시,P602874,올영폰 산동점,경북 구미시 산동읍 신당2로 57,22,유모스트,15,에스엠,7,36.15583795,128.4286522
경북 구미시,P240741,알뜰한 폰박사,경북 구미시 형곡중앙로 65,21,수인,18,뉴에이스,3,36.11229722,128.338653
경북 구미시,P269049,구미모바일,경북 구미시 임은길 19,21,유모스트,21,,0,36.08772068,128.3649026
경북 경산시,P536338,휴대폰365아울렛 하양점,경북 경산시 하양읍 하양로 103,21,유모스트,19,뉴에이스,2,35.91376095,128.8186291
부산 부산진구,P958385,휴대폰성지 멸종위기폰,부산 부산진구 서전로10번길 61,21,빅뱅,11,메타,10,35.15511488,129.0603516
부산 기장군,P441915,옆커폰부산정관,부산 기장군 정관읍 정관로 574,20,유모스트,9,태성,11,35.32089392,129.1764129
경북 김천시,P616517,최고김천,경북 김천시 혁신4로 59,20,에스엠,15,뉴에이스,5,36.12146658,128.1880263
경남 양산시,P173940,휴대폰성지,경남 양산시 덕계로 70,19,빅뱅,11,메타,8,35.37502222,129.1492879
부산 강서구,P234800,옆커폰부산명지,부산 강서구 명지국제6로 246,19,유모스트,2,태성,17,35.09736901,128.9232303
경북 구미시,P369479,폰팔이김봉준 진평점,경북 구미시 인동20길 43-1,19,태성,16,뉴에이스,3,36.095232,128.4240724
경남 창원시,P507086,주식회사 코지,경남 창원시 성산구 용지로153번길 12,19,수인,15,에이스,4,35.2294075,128.6802081
울산 북구,P749379,울산휴대폰성지여기다(신천점),울산 북구 농소2동,19,강산,11,태성,8,35.6383282,129.3483705
부산 북구,P948959,(셀)휴대폰성지_덕천점,부산 북구 금곡대로8번길 33,19,수석_경상,19,,0,35.21150617,129.0072234
울산 남구,P912944,휴대폰성지 폰스타,울산 남구 번영로250번길 16-1,18,유모스트,3,에스엠,15,35.54759167,129.3257371
경북 구미시,P913504,벤츠구평,경북 구미시 인동36길 20,18,에스엠,15,뉴에이스,3,36.10606391,128.418694
경북 구미시,P929118,벤츠비산,경북 구미시 신비로 100,18,에스엠,13,뉴에이스,5,36.12014,128.373037
부산 부산진구,P930351,이룸SC컴퍼니 서면,부산 부산진구 가야대로 779-2,18,에스엠,13,수인,5,35.15789141,129.0569399
부산 해운대구,P961708,똘똘텔레콤,부산 해운대구 아랫반송로 52-1,18,유모스트,18,,0,35.22314981,129.1503011
경북 구미시,P112332,폰프라자,경북 구미시 상사서로 31,17,유모스트,5,수인,12,36.08510405,128.3555585
부산 북구,P199316,휴대폰성지핸드폰성지아정당 덕천역점,부산 북구 만덕대로 15,17,유모스트,13,에스엠,4,35.21072192,129.0066992
경남 진주시,P361727,폰앤커피,경남 진주시 진주대로 624,17,유모스트,8,에스엠,9,35.16239972,128.1068073
부산 남구,P387255,이엘(EL)통신,부산 남구 용호로42번길 50-2,17,에스엠,2,강산,15,35.12467795,129.1096582
부산 부산진구,P562696,이룸SC컴퍼니 부전,부산 부산진구 부전로152번길 40,17,에스엠,11,수인,6,35.16052581,129.0580523
경남 창원시,P686282,(셀)휴대폰성지_상남점,경남 창원시 성산구 상남로 107,17,유모스트,1,수석_충청,16,35.22311174,128.6817807
대구 북구,P698124,휴대폰싹쓸이,대구 북구 동천로24길 3,17,태성,17,,0,35.94209484,128.5609232
경북 구미시,P701483,벤츠문성,경북 구미시 고아읍 들성로7길 4,17,에스엠,12,뉴에이스,5,36.16098497,128.3440007
부산 동구,P886510,이룸SC컴퍼니 범일,부산 동구 범일로 89,17,에스엠,12,수인,5,35.13800737,129.0591538
부산 강서구,P898504,(셀)휴대폰성지_국제1호점,부산 강서구 명지국제8로 245,17,수석_경상,17,,0,35.09841606,128.9198342
대구 동구,P946574,헬리오스컴퍼니,대구 동구 반야월북로 222,17,에스엠,15,공감,2,35.87268507,128.7219144
경북 구미시,P356525,핫딜폰산동,경북 구미시 산동읍 신당1로2길 10,16,태성,7,뉴에이스,9,36.15555754,128.4317508
부산 연제구,P361698,(OB)유모스트_온라인,부산 연제구 거제제2동,16,유모스트,16,,0,35.18928909,129.0717116
경남 김해시,P415612,더케이김해,경남 김해시 가락로63번길 2,16,유모스트,4,태성,12,35.23154582,128.8782903
부산 동래구,P104640,대산,부산 동래구 반송로 339,15,에스엠,1,수인,14,35.2098684,129.1037087
경북 구미시,P354457,폰팔이 김봉준,경북 구미시 구미중앙로17길 16,15,뉴에이스,15,,0,36.12897636,128.3348793
경북 포항시,P651662,에코양덕,경북 포항시 북구 장량동,15,유모스트,1,태성,14,36.08198548,129.3858928
부산 사상구,P819494,부경텔레콤 본점,부산 사상구 학감대로 109-14,15,유모스트,4,뉴에이스,11,35.14051175,128.9879929
부산 수영구,P836954,폰청,부산 수영구 호암로29번길 50,15,유모스트,15,,0,35.15528317,129.1098017
부산 북구,P892480,휴대폰성지(덕천동),부산 북구 만덕대로 32,15,빅뱅,1,에스엠,14,35.21066556,129.0087223
부산 동구,P957975,오폰,부산 동구 부산진성공원로 23-5,15,에스엠,15,,0,35.13751081,129.0617989
부산 수영구,P127682,(주)에스더블유커뮤니케이션,부산 수영구 수영로705번길 19,14,수석_경상,14,,0,35.16869692,129.1189614
대구 달성군,P267026,더블제이,대구 달성군 다사읍 죽곡1길 7-8,14,수인,6,뉴에이스,8,35.85738239,128.4642509
대구 남구,P305454,JU통신,대구 남구 골안길 17,14,공감,7,유안,7,35.83767413,128.5614997
대구 달성군,P385426,엠케이컴퍼니,대구 달성군 다사읍 다사역로 39,14,유모스트,14,,0,35.86558537,128.4574433
부산 중구,P454508,(셀)휴대폰성지_중앙점,부산 중구 중앙대로 58,14,수석_경상,14,,0,35.10267572,129.0367322
부산 해운대구,P461708,(셀)휴대폰성지_장산점,부산 해운대구 해운대로 802,14,수석_경상,14,,0,35.16914006,129.1766401
부산 동구,P521307,테라텔레콤,부산 동구 초량로 47-1,14,공감,14,,0,35.12003174,129.0374089
부산 영도구,P536445,(셀)휴대폰성지_영도점,부산 영도구 동삼로 68,14,유모스트,12,수석_경상,2,35.07491283,129.0683974
부산 강서구,P758240,(셀)휴대폰성지_국제2호점,부산 강서구 명지국제11로 56,14,수석_경상,14,,0,35.10398712,128.9245017
부산 부산진구,P805247,영텔컴퍼니,부산 부산진구 범일로 151,14,강산,10,수인,4,35.14348632,129.0590294
부산 부산진구,P891854,휴대폰성지 말폰,부산 부산진구 가야대로510번길 21,14,빅뱅,5,메타,9,35.15222581,129.0281969
부산 부산진구,P934221,인사컴퍼니,부산 부산진구 중앙대로692번길 46-8,14,에스엠,9,수인,5,35.15420069,129.0615777
부산 남구,P973987,(셀)휴대폰성지_남구점,부산 남구 분포로 113,14,수석_경상,14,,0,35.12726691,129.1090406
울산 동구,P131741,통통텔레콤,울산 동구 방어진순환도로 659-1,13,유모스트,13,,0,35.50076643,129.4284358
경남 김해시,P311539,엔터컴주식회사 씨엘,경남 김해시 함박로101번길 12,13,메타,13,,0,35.23324541,128.8656468
부산 북구,P334704,원모바일,부산 북구 금곡대로 469,13,메타,12,도매직영,1,35.25000695,129.0112353
경북 포항시,P378037,퍼스트통신 초곡점,경북 포항시 북구 흥해읍 초곡지구로 60,13,유모스트,10,뉴에이스,3,36.09612526,129.3396309
부산 사하구,P387248,봉구폰스,부산 사하구 하신번영로 251,13,유모스트,5,에스엠,8,35.10356775,128.9582032
부산 동래구,P410548,사직통신,부산 동래구 아시아드대로134번길 14,13,빅뱅,1,에스엠,12,35.19626819,129.0672359
부산 해운대구,P500317,정석텔레콤,부산 해운대구 재반로 117,13,유모스트,1,에스엠,12,35.18964303,129.1253451
부산 기장군,P536638,따르릉 통신,부산 기장군 일광읍 해빛6로 107-3,13,유모스트,10,강산,3,35.2658394,129.2261589
부산 동구,P552702,메트로폰 2.0,부산 동구 대영로243번길 31,13,메타,13,,0,35.11363427,129.037755
경남 창원시,P591886,폰CEO통신장천,경남 창원시 진해구 충장로 667,13,유모스트,13,,0,35.13000676,128.704277
부산 동래구,P642945,YES 정보통신,부산 동래구 명륜로 115,13,강산,6,공감,7,35.20400064,129.0825908
부산 수영구,P837441,(셀)휴대폰성지_남천점,부산 수영구 수영로 389,13,수석_경상,13,,0,35.14231377,129.1056694
부산 동구,P871678,기똥찬 휴대폰달인,부산 동구 중앙대로231번길 36,13,빅뱅,13,,0,35.1185186,129.0392616
경북 경주시,P914537,폰파는녀석들_경주점,경북 경주시 황성동,13,유모스트,6,에스엠,7,35.87224405,129.2192474
대구 북구,P088839,휴대폰 멀티샵,대구 북구 고성북로 50-2,12,에스엠,1,공감,11,35.88408847,128.5841462
경북 경산시,P136535,(셀)휴대폰성지_하양점,경북 경산시 하양읍 하양로 77-1,12,유모스트,12,,0,35.91194418,128.8167226
울산 북구,P141999,울산휴대폰성지여기다(화봉점),울산 북구 송정동,12,강산,12,,0,35.60381268,129.3644931
부산 강서구,P205862,(셀)휴대폰성지_오션점,부산 강서구 명지오션시티4로 70,12,수석_경상,12,,0,35.08278471,128.9032542
대구 서구,P260093,단디비산,대구 서구 국채보상로 369,12,태성,12,,0,35.87249574,128.5714816
부산 사상구,P262108,휴대폰성지 정직폰 사상점,부산 사상구 광장로 7,12,유모스트,4,에스엠,8,35.16433608,128.9777161
부산 중구,P273479,옆커폰 부산 대청,부산 중구 대청로 75,12,태성,12,,0,35.10316778,129.0282519
부산 부산진구,P285137,굿폰,부산 부산진구 중앙번영로 3,12,에스엠,12,,0,35.14504738,129.0597147
경북 포항시,P302411,판타스틱통신,경북 포항시 남구 오천읍 냉천로 208,12,뉴에이스,12,,0,35.97587985,129.4078159
경북 구미시,P306556,도량행복통신,경북 구미시 고아읍 문장로 190,12,수인,11,공감,1,36.15024055,128.330909
대구 북구,P385946,새통신,대구 북구 대천로 76,12,수인,11,뉴에이스,1,35.93694267,128.5574275
경남 통영시,P387360,누나통영,경남 통영시 안개로 37,12,태성,12,,0,34.85900581,128.4302543
경북 포항시,P403272,핫폰포항우현,경북 포항시 북구 새천년대로933번길 8,12,태성,2,뉴에이스,10,36.05527355,129.3632244
부산 연제구,P409720,H.휴대폰성지셀렉터,부산 연제구 연제로 30,12,태성,12,,0,35.17926573,129.0769594
경남 창원시,P438481,창원휴대폰성지마징가텔레콤,경남 창원시 진해구 조천북로 131,12,에스엠,12,,0,35.16160452,128.685391
경남 창원시,P439480,(셀)휴대폰성지_성원점,경남 창원시 성산구 동산로 124,12,수석_충청,12,,0,35.21934207,128.6916137
경남 김해시,P542154,폰택 주식회사 김해진영점,경남 김해시 진영읍 장등로 10,12,에스엠,12,,0,35.30717876,128.7352446
울산 북구,P597776,울산휴대폰성지여기다(강동점),울산 북구 강동동,12,강산,12,,0,35.61282787,129.4456427
부산 사하구,P601464,핸드폰성지홈서비스 아정당 하단점,부산 사하구 낙동남로 1424,12,유모스트,4,에스엠,8,35.10587769,128.9674168
부산 강서구,P606715,휴대폰성지 마징가텔레콤,부산 강서구 명지국제8로 229,12,유모스트,3,에스엠,9,35.09860364,128.9180102
부산 금정구,P647461,(셀)휴대폰성지_부대점,부산 금정구 금정로60번길 9,12,수석_경상,12,,0,35.2299,129.087
경남 양산시,P710457,씨유휴대폰,경남 양산시 물금읍 백호로 64,12,에스엠,12,,0,35.31827947,129.0016296
대구 달서구,P770795,91통신,대구 달서구 송현동2길 53,12,에스엠,12,,0,35.82901711,128.5472327
경북 구미시,P773619,새마을통신,경북 구미시 상모로8길 3,12,수인,5,유안,7,36.0895714,128.3557951
부산 영도구,P867549,이룸케이씨 영도점,부산 영도구 태종로 107,12,에스엠,12,,0,35.09130732,129.0427402
부산 해운대구,P871667,루비폰 반여점,부산 해운대구 재반로 215,12,수인,12,,0,35.19651075,129.1307017
경남 양산시,P923705,위너스텔레콤,경남 양산시 서창로 191,12,유모스트,12,,0,35.41626083,129.1725337
부산 수영구,P124823,디엠컴퍼니,부산 수영구 수영로725번길 35,11,수인,11,,0,35.16860825,129.1168181
부산 동래구,P226244,(주)휴대폰성지 핸드폰성지아정당 동래,부산 동래구 충렬대로 157-1,11,유모스트,2,에스엠,9,35.20797985,129.0729536
경남 양산시,P320517,일등양산,경남 양산시 대운로 220,11,태성,11,,0,35.40760803,129.1711718
경남 진주시,P323325,폰멀티샵,경남 진주시 하대로 122-1,11,도매직영,11,,0,35.19319333,128.1250589
경남 창원시,P328238,도로시모바일,경남 창원시 성산구 중앙대로83번길 13,11,에스엠,11,,0,35.22300176,128.6771065
경남 김해시,P360861,하이김해,경남 김해시 내외로95번길 15,11,유모스트,4,에스엠,7,35.23591509,128.8676916
경북 경산시,P366436,바른텔레콤 사동점,경북 경산시 백자로10길 1,11,에스엠,11,,0,35.81072987,128.7540489
대구 동구,P366644,스마트효목,대구 동구 효목로 1,11,유모스트,11,,0,35.87356031,128.639033
경북 포항시,P372875,진모바일,경북 포항시 북구 흥해읍 한동로 53,11,유모스트,11,,0,36.11042676,129.3475599
경남 김해시,P379665,(셀)휴대폰성지_율하점,경남 김해시 율하1로 106,11,유모스트,2,수석_경상,9,35.17312974,128.815046
경남 김해시,P421344,김해휴대폰,경남 김해시 안동길 31,11,에스엠,11,,0,35.24385029,128.9074559
울산 북구,P470449,휴대폰성지 몽이텔레콤,울산 북구 매곡본길 27,11,유모스트,8,공감,3,35.64030359,129.3584352
경남 김해시,P529436,옆커폰 김해내외점,경남 김해시 내외중앙로 47,11,유모스트,8,태성,3,35.23431204,128.8662732
부산 영도구,P549114,휴대폰성지 아일랜드통신,부산 영도구 태종로 675,11,에스엠,7,태성,4,35.07267423,129.075879
경남 창원시,P555333,폰CEO통신석동,경남 창원시 진해구 냉천로 67,11,유모스트,11,,0,35.15236952,128.7045025
부산 연제구,P620108,(셀)휴대폰성지_사직점,부산 연제구 아시아드대로 39,11,수석_경상,11,,0,35.18999592,129.0661088
부산 부산진구,P714590,휴대폰성지 정직폰_서면점,부산 부산진구 서전로 20,11,유모스트,2,에스엠,9,35.15758902,129.0618185
부산 남구,P723076,핸드폰성지홈서비스 아정당 경성대점,부산 남구 용소로 18,11,유모스트,4,에스엠,7,35.13560394,129.1005101
부산 동래구,P844127,(주)에스더블유커뮤니케이션 동래점,부산 동래구 명륜로129번길 45,11,수석_경상,11,,0,35.20516448,129.0796874
부산 동래구,P847302,(셀)휴대폰성지_온천점,부산 동래구 중앙대로 1523,11,수석_경상,11,,0,35.22117195,129.0855226
대구 달서구,P850598,부림진천,대구 달서구 월배로 80,11,태성,2,뉴에이스,9,35.81365256,128.5239231
경북 경산시,P986329,휴대폰파는총각 경산시장점,경북 경산시 중앙로 69,11,수인,9,가본,2,35.82709766,128.7340089
부산 부산진구,P997958,(주)휴대폰성지 핸드폰성지아정당 서면,부산 부산진구 중앙대로691번길 17,11,유모스트,8,에스엠,3,35.15258194,129.0567914
경남 김해시,P047888,온누리통신,경남 김해시 가락로 14,10,빅뱅,8,수인,2,35.22771517,128.8826908
경남 김해시,P180349,옆커폰_주촌,경남 김해시 주촌면 천곡로 5,10,강산,5,태성,5,35.23363236,128.8391105
경남 김해시,P193289,휴대폰성지 정직폰 김해점,경남 김해시 내외중앙로 35,10,유모스트,2,에스엠,8,35.23320029,128.8660483
부산 사하구,P285882,새마을통신,부산 사하구 다대로 6,10,메타,4,수인,6,35.10192912,128.9764848
부산 사하구,P286921,주식회사 폰탑(감천점),부산 사하구 감천로 29,10,유모스트,6,강산,4,35.09189747,128.9961062
경남 밀양시,P297883,컬투밀양,경남 밀양시 중앙로 245,10,에스엠,3,태성,7,35.48527934,128.756706
대구 서구,P298806,삼익내당,대구 서구 평리로 245,10,빅뱅,3,뉴에이스,7,35.86280879,128.5502047
경남 고성군,P344328,가야고성,경남 고성군 고성읍 동외로 157,10,태성,10,,0,34.97537302,128.3256542
경북 김천시,P360083,일류통신,경북 김천시 김천로 85,10,유모스트,8,도매직영,2,36.12487709,128.1121383
부산 부산진구,P370481,에벤에셀,부산 부산진구 동평로 114,10,메타,10,,0,35.165865,129.0418808
부산 서구,P379763,쏠텔레콤,부산 서구 구덕로 321,10,메타,8,수인,2,35.11253717,129.016326
경남 창원시,P380229,수아모바일,경남 창원시 진해구 진해대로 762,10,에스엠,10,,0,35.15816462,128.6987576
울산 울주군,P421915,H_11호,울산 울주군 범서읍 장검길 10,10,강산,1,태성,9,35.55758898,129.253953
경남 김해시,P423864,휴대폰성지 최싸폰 삼계점,경남 김해시 삼계중앙로 12,10,에스엠,9,태성,1,35.25975623,128.8665287
경남 김해시,P563772,(셀)휴대폰성지_진영점,경남 김해시 진영읍 김해대로361번길 8,10,수석_경상,10,,0,35.30748759,128.7297998
경남 거제시,P662684,티오디거제,경남 거제시 아주1로4길 19,10,강산,10,,0,34.86761117,128.6892871
경남 밀양시,P711427,옆커폰밀양,경남 밀양시 밀양대로 1781,10,유모스트,7,태성,3,35.4841664,128.7513565
울산 동구,P803283,준텔레콤,울산 동구 대학길 103,10,유모스트,10,,0,35.49853281,129.4234881
경남 진주시,P824372,로즈 텔레콤,경남 진주시 향교로 26,10,에스엠,7,태성,3,35.19777797,128.0853422
경북 구미시,P898440,휴대폰성지_직폰 산동점,경북 구미시 산동읍 신당2로 29,10,유모스트,1,공감,9,36.1558642,128.4317427
부산 부산진구,P949854,에스피엘 서면점,부산 부산진구 새싹로8번길 7,10,수인,10,,0,35.15905593,129.0587089
경남 창원시,P958293,압도폰,경남 창원시 의창구 원이대로189번길 38,10,에스엠,10,,0,35.24921584,128.646327
경북 경주시,P959712,도_JY통신,경북 경주시 동천로 69,10,유모스트,2,뉴에이스,8,35.8539952,129.2264513
부산 북구,P097980,휴대폰성지 마징가텔레콤 화명점,부산 북구 금곡대로303번길 12,9,수인,9,,0,35.2319086,129.0100628
울산 남구,P124668,폰파는녀석들 남구점,울산 남구 대암로 14,9,유모스트,6,에스엠,3,35.53044679,129.3175661
경남 거제시,P159252,스타거제,경남 거제시 옥포2동,9,에스엠,9,,0,34.89660753,128.6875561
경북 포항시,P170886,드림통신,경북 포항시 북구 기계면 기계로 69-1,9,도매직영,9,,0,36.07011947,129.2089098
대구 달서구,P193032,프리패어드,대구 달서구 성당로 211,9,유모스트,3,공감,6,35.8512687,128.5732971
부산 해운대구,P256967,부산-휴대폰상설매장,부산 해운대구 재반로256번길 13-45,9,에스엠,6,수석_경상,3,35.20061671,129.1323345
경북 포항시,P288611,포항텔레콤,경북 포항시 북구 법원로 11,9,유모스트,3,태성,6,36.07601461,129.3861223
경남 양산시,P310216,폰시유 범어점,경남 양산시 물금읍 오봉로 12,9,에스엠,9,,0,35.32661887,128.9998685
경남 거제시,P312395,거제맘통신,경남 거제시 연초면 소오비1길 8,9,에스엠,7,강산,2,34.90095771,128.6298655
울산 북구,P317833,㈜더브이아이피 매곡지점,울산 북구 매산로 3,9,에스엠,9,,0,35.64196115,129.3566681
부산 금정구,P319833,한영모바일,부산 금정구 금강로 210,9,에스엠,9,,0,35.22703933,129.0831788
경북 구미시,P366416,남통 드림 통신,경북 구미시 원남로 13,9,수인,3,공감,6,36.13042171,128.3229316
경남 김해시,P377543,(OB)에스엠네트웍스_온라인,경남 김해시 회현동,9,에스엠,9,,0,35.22511271,128.8776454
경남 진주시,P378925,행운진주,경남 진주시 망경로298번길 1,9,에스엠,5,태성,4,35.18537687,128.0857872
부산 남구,P383470,우일,부산 남구 수영로 33,9,빅뱅,2,도매직영,7,35.13717399,129.0715843
대구 중구,P475089,강아통신,대구 중구 달구벌대로 지하2160,9,수인,7,뉴에이스,2,35.86664464,128.5957894
부산 영도구,P529636,제이컴퍼니 영도2호점,부산 영도구 태종로105번길 12,9,에스엠,9,,0,35.08994287,129.0376263
경북 구미시,P654768,휴대폰성지 올영폰 구미형곡점,경북 구미시 형곡중앙로 41,9,유모스트,8,태성,1,36.1112019,128.3363027
경남 양산시,P673521,(셀)휴대폰성지_물금점,경남 양산시 물금읍 새실로 38,9,수석_경상,9,,0,35.31329495,128.9943988
부산 수영구,P691955,부산-미래텔레콤,부산 수영구 과정로 45,9,수석_경상,3,도매직영,6,35.17535978,129.1072955
부산 서구,P720254,강앤강휴대폰,부산 서구 구덕로 338,9,강산,9,,0,35.11385242,129.0160128
경남 창원시,P753835,휴대폰성지 정직폰 창원점,경남 창원시 성산구 용지로 102,9,유모스트,1,에스엠,8,35.22448022,128.6783473
부산 해운대구,P798741,(CVC)온라인_마라톤,부산 해운대구 우제2동,9,마라톤,9,,0,35.17468,129.128046
울산 남구,P826910,울산휴대폰성지여기다(수암점),울산 남구 중앙로 19,9,강산,4,태성,5,35.52440151,129.3184685
경남 양산시,P935470,휴대폰성지 마징가텔레콤웅상점,경남 양산시 평산중앙로 56,9,에스엠,9,,0,35.38420413,129.1523144
부산 사하구,P950571,보성텔레콤,부산 사하구 다대로554번길 4,9,도매직영,9,,0,35.05726091,128.9705106
울산 남구,P994541,울산휴대폰성지_삼산특판점,울산 남구 삼산중로100번길 20,9,유모스트,9,,0,35.54207743,129.3376202
경남 양산시,P103229,(셀)휴대폰성지_석산점,경남 양산시 동면 금오13길 54,8,수석_경상,8,,0,35.3204451,129.0247275
부산 동구,P166088,옆커폰 휴대폰성지 범일점,부산 동구 범일로 98-1,8,유모스트,7,태성,1,35.13875932,129.0596195
경북 구미시,P181664,우신통신,경북 구미시 흥안로 5,8,유모스트,8,,0,36.13695656,128.4258177
부산 기장군,P186187,휴대폰성지 슈퍼맨텔레콤 정관점,부산 기장군 정관읍 정관7로 9-4,8,에스엠,6,태성,2,35.32545602,129.1803319
경북 구미시,P186816,휴대폰성지옆커폰 인동점,경북 구미시 인동35길 6,8,수인,8,,0,36.09478793,128.4331859
부산 남구,P190077,오빠텔레콤,부산 남구 못골로 91-6,8,에스엠,3,강산,5,35.13600516,129.0925317
부산 동래구,P258363,형제모바일,부산 동래구 명륜로 185-1,8,유모스트,8,,0,35.21033454,129.082393
대구 북구,P279415,스타대현,대구 북구 대현로 100,8,에스엠,6,수인,2,35.88219144,128.6097908
경북 칠곡군,P281326,휴대폰프라자(북삼),경북 칠곡군 북삼읍 금오대로 224,8,유모스트,6,수인,2,36.06539041,128.3459334
울산 울주군,P283502,울산-네이트,울산 울주군 언양읍 동문길 68,8,수석_경상,8,,0,35.56538335,129.1247045
대구 달성군,P287080,대박통신_테크노,대구 달성군 유가읍 테크노상업로 108,8,공감,8,,0,35.69324688,128.4611351
경남 창원시,P292684,제이제이마산,경남 창원시 마산회원구 내서읍 중리상곡로 92,8,수인,4,태성,4,35.24879397,128.5096235
경북 포항시,P300025,콤통신,경북 포항시 북구 양학천로 14,8,뉴에이스,5,도매직영,3,36.02355276,129.3534703
경북 포항시,P309097,핫폰이인,경북 포항시 북구 흥해읍 이인로 81,8,뉴에이스,8,,0,36.07165646,129.3336538
대구 동구,P314723,해바라기,대구 동구 팔공로51길 11,8,에스엠,1,공감,7,35.92292731,128.6398205
경북 구미시,P320579,폰앤폰,경북 구미시 옥계북로 62,8,뉴에이스,2,공감,6,36.13798181,128.4243302
경북 김천시,P332680,미래김천,경북 김천시 아포대로 3,8,유모스트,8,,0,36.11595127,128.1548116
부산 남구,P360016,(셀)휴대폰성지_대연점,부산 남구 수영로219번길 16,8,유모스트,5,수석_경상,3,35.13589702,129.0905643
부산 해운대구,P361455,(OB)마라톤_온라인,부산 해운대구 우제2동,8,마라톤,8,,0,35.1745575,129.1282222
부산 사상구,P364576,소문난폰가게,부산 사상구 광장로 7,8,유모스트,4,에스엠,4,35.16433608,128.9777161
경남 김해시,P364957,몽키텔레콤,경남 김해시 율하2로 114,8,유모스트,8,,0,35.1695919,128.8134089
대구 달서구,P372115,가람용산,대구 달서구 용산서로 14-8,8,수인,8,,0,35.85833563,128.5290649
울산 울주군,P378589,폰플러스,울산 울주군 범서읍 대리1길 26,8,유모스트,1,빅뱅,7,35.5696421,129.2450033
경남 창원시,P380945,(셀)휴대폰성지_자은점,경남 창원시 진해구 냉천로 156,8,수석_경상,8,,0,35.15538959,128.7134463
부산 강서구,P383693,나인텔레콤,부산 강서구 신호이로 33,8,유모스트,1,에스엠,7,35.08599288,128.8777484
대구 달성군,P390368,인생네폰 다사점,대구 달성군 다사읍 달구벌대로 880,8,에스엠,2,공감,6,35.85744007,128.4648047
부산 남구,P403450,시세파괴폰 대연본점,부산 남구 수영로 264,8,유모스트,5,뉴에이스,3,35.13536447,129.0955635
대구 달서구,P410600,(셀)휴대폰성지_대구진천점,대구 달서구 진천로 77,8,유모스트,8,,0,35.81646348,128.5211196
경북 포항시,P439359,판타양덕,경북 포항시 북구 천마로 62,8,뉴에이스,8,,0,36.08215,129.3971919
경북 경산시,P506999,휴대폰파는총각 중산점,경북 경산시 펜타힐즈2로 45,8,수인,7,가본,1,35.82800593,128.7192953
경남 거제시,P518392,H.기분존거제,경남 거제시 옥포로 195,8,뉴에이스,8,,0,34.89218269,128.6911287
부산 수영구,P537772,부산휴대폰성지마징가텔레콤,부산 수영구 수영로 377,8,에스엠,8,,0,35.14058308,129.1058832
부산 부산진구,P538276,라이온,부산 부산진구 동평로420번길 18,8,유모스트,1,뉴에이스,7,35.17276467,129.0697618
부산 금정구,P594252,코끼리모바일 서동,부산 금정구 서동로149번길 7,8,유모스트,7,에스엠,1,35.13713012,129.0721629
경남 진주시,P684689,든든휴대폰할인매장,경남 진주시 진주대로879번길 19,8,에스엠,8,,0,35.17802131,128.089905
부산 연제구,P689603,웅스모바일,부산 연제구 거제천로287번길 14,8,메타,5,도매직영,3,35.19252643,129.0885125
경북 경산시,P702673,최싸폰경산시장,경북 경산시 중앙로 70-1,8,에스엠,8,,0,35.82261825,128.7347445
부산 북구,P713594,㈜태산당 구포점,부산 북구 백양대로 1193,8,태성,8,,0,35.208928,129.0049957
부산 부산진구,P743042,이룸케이씨컴퍼니 서면점,부산 부산진구 중앙대로 668,8,에스엠,8,,0,35.15258194,129.0567914
경남 양산시,P776371,100모바일,경남 양산시 물금읍 범구로 28,8,유모스트,5,뉴에이스,3,35.32558265,129.0129439
부산 수영구,P784289,몬스터광안,부산 수영구 수영로618번길 4,8,태성,8,,0,35.16054707,129.1140392
부산 연제구,P824760,코끼리폰 연산,부산 연제구 연수로 220-1,8,유모스트,7,에스엠,1,35.17341524,129.0947608
대구 서구,P891299,(OB)태성_온라인,대구 서구 내당1동,8,태성,8,,0,35.86064994,128.5606963
경남 양산시,P892467,(셀)휴대폰성지_평산점,경남 양산시 평산로 21,8,수석_경상,8,,0,35.38140183,129.1525275
부산 부산진구,P080376,쓰리올,부산 부산진구 가야대로 586,7,강산,7,,0,35.15432676,129.0359491
울산 울주군,P093012,펭귄폰 본점,울산 울주군 온양읍 보곡3길 40,7,에스엠,5,태성,2,35.41942644,129.2804593
부산 부산진구,P104517,H.휴대폰성지꽁폰,부산 부산진구 동평로 407,7,뉴에이스,7,,0,35.17288466,129.0757233
부산 북구,P173274,에프통신,부산 북구 금곡대로 지하 14,7,도매직영,7,,0,35.21097746,129.0049722
부산 연제구,P186388,최싸폰연산,부산 연제구 반송로 40,7,에스엠,7,,0,35.18832286,129.0849607
울산 북구,P199417,울산휴대폰성지여기다(매곡점),울산 북구 농소1동,7,강산,7,,0,35.62277391,129.3560508
경남 진주시,P199545,촉석텔레콤,경남 진주시 성북동,7,도매직영,7,,0,35.19291564,128.0766486
대구 중구,P244818,녹색통신,대구 중구 국채보상로 482-1,7,유모스트,7,,0,35.87046038,128.5835321
대구 북구,P252087,천국통신,대구 북구 침산로 93,7,유모스트,6,에스엠,1,35.88522557,128.5897899
경남 통영시,P257983,스타통신,경남 통영시 광도면 죽림5로 56,7,에스엠,6,도매직영,1,34.88257795,128.4205354
경북 영주시,P260284,영주_폰1번가,경북 영주시 중앙로 71,7,뉴에이스,6,공감,1,36.82203934,128.6237316
경남 양산시,P278569,우정텔레콤,경남 양산시 양산역4길 11,7,에스엠,7,,0,35.33636778,129.0284371
부산 사하구,P286924,주식회사 폰탑(신평점),부산 사하구 하신중앙로 210,7,유모스트,7,,0,35.09712349,128.9623069
경남 진주시,P301671,더바른폰가게,경남 진주시 초장로14번길 24,7,도매직영,7,,0,35.20545044,128.1141878
경북 구미시,P303900,대박황상,경북 구미시 검성로 100,7,수인,7,,0,36.11801447,128.4279135
경북 문경시,P306856,바비텔레콤,경북 문경시 중앙시장1길 2-45,7,뉴에이스,7,,0,36.59421556,128.1982962
경남 양산시,P307452,브로 씨앤씨(BRO C&C),경남 양산시 동면 금오16길 4,7,뉴에이스,7,,0,35.31772396,129.0257833
경남 진주시,P313403,휴대폰쇼핑몰,경남 진주시 진양호로 514,7,에스엠,5,도매직영,2,35.1921862,128.0819498
부산 남구,P320655,재홍텔레콤(더블류점),부산 남구 분포로 145,7,에스엠,6,뉴에이스,1,35.13422946,129.1112168
경북 영주시,P325718,엠에스(MS),경북 영주시 구성로 341,7,뉴에이스,5,공감,2,36.82244974,128.6237724
경북 안동시,P331240,풍산텔레콤,경북 안동시 풍산읍 풍산중앙길 138,7,도매직영,7,,0,36.57830982,128.5754515
경남 양산시,P333932,한울텔레콤 북정점,경남 양산시 북정로 35,7,유모스트,3,에스엠,4,35.35899895,129.0441318
부산 금정구,P335536,모바일89,부산 금정구 금강로 277,7,에스엠,7,,0,35.23288913,129.0853811
부산 해운대구,P353064,아딸아모바일,부산 해운대구 윗반송로 79,7,유모스트,2,수석_경상,5,35.23099599,129.1573227
경북 구미시,P356167,대영황상,경북 구미시 검성로 31-2,7,수인,3,태성,4,36.1136208,128.4244719
경남 창원시,P356428,김서방텔레콤,경남 창원시 진해구 신항동로 141,7,강산,7,,0,35.08835963,128.8134894
경남 김해시,P358341,에이스모바일 김해점,경남 김해시 내외중앙로 27,7,유모스트,3,에스엠,4,35.23239837,128.8658994
울산 중구,P359687,대도울산,울산 중구 장춘로 76,7,태성,7,,0,35.55572914,129.3172142
대구 수성구,P363852,에스에스텔레콤,대구 수성구 수성로 142-1,7,에스엠,7,,0,35.83818978,128.6121675
부산 금정구,P365039,이지모바일,부산 금정구 서부로 11,7,수석_경상,1,공감,6,35.21523128,129.1042335
경북 구미시,P367504,구평 준프리,경북 구미시 인동39길 22-25,7,유모스트,1,뉴에이스,6,36.09567227,128.4361155
경남 김해시,P368072,휴대폰백화점 어방점,경남 김해시 활천로 195-5,7,에스엠,7,,0,35.24232341,128.9002635
부산 사하구,P369025,문홍다대포,부산 사하구 다대낙조2길 85,7,메타,7,,0,35.0529546,128.9615361
경북 구미시,P375560,바른구미,경북 구미시 여헌로 79,7,뉴에이스,7,,0,36.10874404,128.4253908
울산 북구,P379325,(셀)휴대폰성지_남창점,울산 북구 산하중앙3로 142,7,유모스트,1,수석_경상,6,35.6385989,129.4384103
부산 수영구,P380444,(셀)휴대폰성지_망미점,부산 수영구 과정로67번길 14,7,유모스트,3,수석_경상,4,35.17750569,129.1064721
대구 수성구,P380792,설통신,대구 수성구 신매로 98,7,수인,5,뉴에이스,2,35.8380558,128.7091954
경남 거제시,P385539,거제맘통신-아주점,경남 거제시 아주1로 105-10,7,에스엠,6,강산,1,34.86762475,128.6808623
대구 북구,P396312,다다태전,대구 북구 칠곡중앙대로 328,7,에스엠,1,수인,6,35.92486463,128.5474342
경북 울진군,P428312,신영텔레콤,경북 울진군 울진읍 울진중앙로 113-2,7,수인,7,,0,36.99181993,129.4010008
경남 양산시,P462621,마징가텔레콤 사송점,경남 양산시 동면 내송로 113,7,유모스트,1,에스엠,6,35.31876121,129.0676994
부산 수영구,P484537,부산-천일텔레콤,부산 수영구 남천동로 36,7,수석_경상,7,,0,35.1411957,129.1116691
경북 포항시,P490716,폰파는녀석들 초곡점,경북 포항시 북구 흥해읍 초곡지구로58번길 2,7,유모스트,7,,0,36.09673657,129.3397467
울산 동구,P508534,울산동구휴대폰성지,울산 동구 서부로 50,7,유모스트,7,,0,35.52462837,129.4313585
부산 해운대구,P521616,마징가9호,부산 해운대구 세실로 48,7,수인,7,,0,35.16987256,129.1784258
부산 연제구,P561001,옆커폰부산시청,부산 연제구 중앙대로 1032,7,유모스트,5,태성,2,35.1806092,129.0776041
부산 연제구,P565504,유진유통 거제3,부산 연제구 거제천로 82,7,강산,7,,0,35.18144166,129.0732953
경남 창원시,P595612,비알창원,경남 창원시 의창구 북면 감계로110번길 54-39,7,태성,5,뉴에이스,2,35.34778039,128.607041
부산 동래구,P622846,엠빌드온천,부산 동래구 금강공원로 21-1,7,태성,6,도매직영,1,35.21877642,129.0820741
울산 북구,P641185,폰파는녀석들 북구점,울산 북구 중산동로 19,7,유모스트,4,에스엠,3,35.65286572,129.3515313
울산 남구,P646779,(셀)휴대폰성지_무거점,울산 남구 대학로 134,7,유모스트,4,수석_경상,3,35.54638278,129.2618703
대구 동구,P648056,두남자폰,대구 동구 안심로22길 40,7,뉴에이스,7,,0,35.86335667,128.6956701
대구 달성군,P657536,핫폰현풍,대구 달성군 현풍읍 테크노상업로 68,7,뉴에이스,7,,0,35.69325796,128.4568464
경남 창원시,P678186,휴대폰성지 판다폰 중동점,경남 창원시 의창구 중동로 59,7,에스엠,7,,0,35.25580062,128.6290434
부산 강서구,P710769,옆커폰지사,부산 강서구 과학산단2로20번길 48,7,유모스트,1,태성,6,35.15053102,128.8359093
울산 남구,P730663,(셀)휴대폰성지_신정점,울산 남구 대암로 8,7,유모스트,2,수석_경상,5,35.53036729,129.3168412
대구 중구,P763911,단비통신,대구 중구 국채보상로 570,7,공감,7,,0,35.87057716,128.593249
대구 동구,P811399,은비텔레콤,대구 동구 동북로75길 13,7,에스엠,4,유안,3,35.88971612,128.6285301
경남 김해시,P813618,진영에이스 휴대폰성지,경남 김해시 진영읍 본산로 23-16,7,유모스트,1,뉴에이스,6,35.30787795,128.736416
대구 달서구,P823381,휴대폰파는총각 신월성점,대구 달서구 조암로 25,7,수인,2,뉴에이스,5,35.82482901,128.5274017
부산 기장군,P851636,(셀)휴대폰성지_정관점,부산 기장군 정관읍 정관로 578,7,수석_경상,7,,0,35.32074432,129.1768092
대구 달성군,P853005,옆커폰현풍,대구 달성군 유가읍 테크노상업로 110,7,태성,7,,0,35.6932352,128.4615554
부산 영도구,P875757,휴대폰성지 옆커폰_부산영도점,부산 영도구 대교로 12-1,7,유모스트,4,태성,3,35.09348282,129.043709
경북 칠곡군,P898361,곰통신,경북 칠곡군 석적읍 유학로 36,7,뉴에이스,7,,0,36.07798296,128.4135829
경북 김천시,P917891,옆커폰 김천혁신도시점,경북 김천시 율곡동,7,태성,7,,0,36.12141633,128.1837083
대구 달서구,P962371,씨케이통신,대구 달서구 상화북로 117,7,유모스트,7,,0,35.81147979,128.5382399
울산 중구,P982952,엠에스텔레콤성남점,울산 중구 학성로 81,7,에스엠,7,,0,35.55751469,129.3240313
부산 북구,P984687,에스피엘덕천,부산 북구 덕천1길 10,7,수인,4,태성,3,35.20956772,129.0061875
울산 북구,P984742,다폰 연암점,울산 북구 상방로 162,7,에스엠,3,수인,4,35.5832239,129.3651898
대구 달서구,P082689,옆커폰유천,대구 달서구 월배로11길 33,6,태성,5,가본,1,35.81473906,128.5165735
경남 밀양시,P100335,썬밀양대리점,경남 밀양시 중앙로 396,6,유모스트,6,,0,35.49636977,128.7498559
경남 창원시,P103061,휴대폰성지 동네폰 창원점,경남 창원시 성산구 원이대로589번길 14,6,에스엠,1,에이스,5,35.228868,128.67977
경북 칠곡군,P109593,옆커폰_왜관점,경북 칠곡군 왜관읍 중앙로 186-1,6,유모스트,6,,0,35.99153407,128.3993921
대구 동구,P115317,도도통신,대구 동구 국채보상로 829,6,수인,2,공감,4,35.86855248,128.6222365
부산 해운대구,P148180,휴대폰성지 부산해운대점,부산 해운대구 해운대로 620,6,수인,6,,0,35.15874838,129.1465834
대구 북구,P159387,옆커폰 동천점,대구 북구 대천로 90,6,태성,6,,0,35.93724756,128.5581677
부산 남구,P170009,플러스용호,부산 남구 분포로 111,6,유모스트,6,,0,35.12690568,129.1095664
경남 김해시,P171836,현경텔레콤,경남 김해시 대청로 125,6,유모스트,2,수인,4,35.18602513,128.7977658
경북 경산시,P172365,천신경산,경북 경산시 성암로 41,6,수인,6,,0,35.82311862,128.7221664
부산 사하구,P172552,애플부산,부산 사하구 사리로7번길 3,6,유모스트,6,,0,35.10042175,128.9994849
울산 남구,P195359,울산휴대폰성지 로타리휴대폰,울산 남구 북부순환도로 3,6,유모스트,6,,0,35.55089364,129.2643798
경남 창원시,P206369,고래폰 창원점,경남 창원시 의창구 명지로89번길 1,6,유모스트,6,,0,35.24886426,128.6476191
부산 사상구,P237064,HY본점,부산 사상구 가야대로366번길 24,6,에스엠,6,,0,35.14993576,129.0126
경북 영주시,P239015,에스앤(핑크),경북 영주시 중앙로 73,6,뉴에이스,5,공감,1,36.82211589,128.623926
경북 안동시,P257384,휴대폰대통령,경북 안동시 문화광장길 10,6,뉴에이스,3,도매직영,3,36.56353395,128.7302695
부산 서구,P258566,아일랜드서대신,부산 서구 고운들로 181,6,태성,6,,0,35.10845673,129.0135889
부산 사상구,P258867,화평통신,부산 사상구 사상로 527,6,도매직영,6,,0,35.19126272,128.9892288
경남 사천시,P275114,휴대폰나라,경남 사천시 사천읍 평화1길 47,6,도매직영,6,,0,35.0833206,128.0884255
경북 의성군,P280978,진우통신_의성,경북 의성군 안계면 안계길 127,6,뉴에이스,6,,0,36.38362964,128.4383898
울산 북구,P282687,순수정보통신,울산 북구 명촌10길 23,6,유모스트,6,,0,35.55224887,129.3574436
울산 남구,P284280,뷰티텔레콤,울산 남구 봉월로102번길 42,6,유모스트,2,에스엠,4,35.54263558,129.3106232
대구 남구,P287591,브라더텔레콤,대구 남구 관문시장1길 35,6,태성,4,마라톤,2,35.83619194,128.559381
경북 김천시,P288020,정통신(율곡동),경북 김천시 혁신4로 54,6,도매직영,6,,0,36.12065253,128.1874943
경남 창원시,P293374,웅모바일,경남 창원시 마산회원구 양덕로 155,6,에스엠,6,,0,35.23208996,128.582883
대구 서구,P294071,스타비산,대구 서구 달서로 60,6,에스엠,6,,0,35.86729301,128.5712169
경남 김해시,P298317,알파통신,경남 김해시 진영읍 여래로 36,6,에스엠,6,,0,35.30304832,128.734376
부산 동래구,P298740,모마,부산 동래구 온천장로119번길 57,6,태성,6,,0,35.22187083,129.0817837
부산 사상구,P298751,성동모바일,부산 사상구 새벽시장로 49,6,태성,6,,0,35.15545096,128.9793795
경북 안동시,P301517,히어로,경북 안동시 경북대로 445,6,태성,1,뉴에이스,5,36.56830786,128.6977459
부산 기장군,P304859,제이기장,부산 기장군 기장읍 차성동로 113,6,강산,3,태성,3,35.24784622,129.2165786
경북 칠곡군,P309817,연우통신,경북 칠곡군 석적읍 석적로 955-9,6,뉴에이스,6,,0,36.07492477,128.3930825
경남 김해시,P313165,투델로 컴퍼니,경남 김해시 율하3로 16,6,강산,6,,0,35.16981,128.8127878
경북 예천군,P315904,에스엠예천,경북 예천군 호명읍 검무로 17,6,태성,6,,0,36.57670979,128.492632
경북 상주시,P318632,큐통신,경북 상주시 함창읍 함창중앙로 154-1,6,도매직영,6,,0,36.56895529,128.1815668
경북 칠곡군,P332317,MVP텔레콤,경북 칠곡군 석적읍 유학로 10,6,유모스트,5,뉴에이스,1,36.07962293,128.4112591
경남 통영시,P333573,범준통신,경남 통영시 중앙로 313,6,에스엠,6,,0,34.85831276,128.4282334
경북 칠곡군,P356658,베스트북삼,경북 칠곡군 북삼읍 금오대로1길 1,6,수인,6,,0,36.06987725,128.3469972
경남 창원시,P358492,하람1호,경남 창원시 마산합포구 합포로 250,6,빅뱅,6,,0,35.21948821,128.5873342
대구 동구,P365281,스마트방촌,대구 동구 동촌로 228,6,유모스트,6,,0,35.88136367,128.6649556
부산 수영구,P366438,바른모바일,부산 수영구 수영로 607,6,에스엠,6,,0,35.15996716,129.1133639
대구 동구,P366787,태왕통신,대구 동구 동촌로 140,6,태성,6,,0,35.88479589,128.6559956
경남 거제시,P367637,에스지모바일,경남 거제시 아주1로 62,6,에스엠,4,태성,2,34.86660485,128.6860837
대구 서구,P369058,에이제이,대구 서구 달서로 172,6,뉴에이스,1,공감,5,35.87749126,128.5715288
경남 진주시,P375218,준통신_진주,경남 진주시 진주대로 1062,6,에스엠,4,태성,2,35.19433226,128.0840589
경남 양산시,P379172,고래폰,경남 양산시 물금읍 범구로 14,6,유모스트,6,,0,35.32680029,129.0111518
울산 동구,P379508,청춘모바일,울산 동구 대학길 86,6,유모스트,4,에스엠,2,35.49839152,129.4223808
경남 김해시,P380037,나무텔레콤,경남 김해시 가야로 161,6,에스엠,6,,0,35.26318852,128.871955
경북 구미시,P380053,한바로통신,경북 구미시 구미대로 308,6,유모스트,4,뉴에이스,2,36.11422639,128.3638314
부산 북구,P382951,리드텔레콤,부산 북구 효열로 1,6,유모스트,1,메타,5,35.24896845,129.0140897
부산 동래구,P382984,몬스터안락,부산 동래구 안남로 112,6,에스엠,2,태성,4,35.19243592,129.1040171
경남 김해시,P395268,퀸모바일,경남 김해시 가락로 1,6,뉴에이스,6,,0,35.22667585,128.8825101
울산 북구,P431568,H.휴대폰성지,울산 북구 신천로 24,6,에스엠,5,뉴에이스,1,35.64021141,129.3485075
울산 중구,P475650,하나로네트웍스_태화점,울산 중구 신기11길 8,6,에스엠,6,,0,35.55320642,129.3009159
울산 북구,P490041,옆커폰울산천곡,울산 북구 아진로 94,6,수인,5,태성,1,35.63103725,129.3387171
경남 창원시,P492515,폰할인샵,경남 창원시 마산합포구 용마로 78,6,에스엠,6,,0,35.21996338,128.5824033
부산 북구,P505438,휴대폰 성지 말폰 덕천점,부산 북구 만덕대로 지하39,6,메타,6,,0,35.21119962,129.0096762
대구 중구,P510144,동환통신,대구 중구 중앙대로81길 1,6,수인,6,,0,35.86969423,128.593568
대구 동구,P535420,옆커폰 방촌점,대구 동구 해안동,6,태성,3,골드스타,3,35.88207517,128.6716128
경북 경주시,P544097,H.에이스_경주점,경북 경주시 금성로 311-1,6,뉴에이스,6,,0,35.84547218,129.2067891
울산 북구,P554810,휴대폰성지,울산 북구 효문동,6,유모스트,6,,0,35.56589938,129.3758968
부산 동구,P586021,핸드폰성지홈서비스 아정당 부산역점,부산 동구 중앙대로 231,6,유모스트,4,에스엠,2,35.11775928,129.0408721
울산 중구,P616921,허니통신,울산 중구 곽남6길 2,6,유모스트,1,메타,5,35.57151519,129.3400338
대구 달서구,P644735,핫폰 휴대폰성지 신월성점,대구 달서구 조암로 16,6,태성,3,뉴에이스,3,35.82584623,128.5278563
부산 동구,P663069,그린모바일,부산 동구 범일로 108,6,메타,5,수인,1,35.13960993,129.0596726
대구 달성군,P665004,휴대폰파는총각 현풍테크노점,대구 달성군 유가읍 테크노상업로 120,6,수인,4,유안,2,35.69306331,128.4629008
울산 남구,P672881,휴대폰성지 나르샤울산,울산 남구 번영로 165,6,수인,6,,0,35.53635798,129.316533
경남 거제시,P690845,포럼,경남 거제시 중곡로 3,6,에스엠,6,,0,34.88228088,128.6183813
대구 중구,P694463,휴대폰성지 반월당점,대구 중구 중앙대로 332,6,수인,2,뉴에이스,4,35.8625191,128.593381
부산 부산진구,P710497,에스더블유컴퍼니_2호점,부산 부산진구 부전로152번길 37,6,에스엠,6,,0,35.16057426,129.0582925
부산 강서구,P711736,몬스터명지,부산 강서구 명지국제8로 245,6,에스엠,3,태성,3,35.09841606,128.9198342
울산 울주군,P725359,제이통신,울산 울주군 범서읍 구영로 78,6,에스엠,5,뉴에이스,1,35.56863017,129.2305851
경남 양산시,P725415,양산휴대폰성지,경남 양산시 번영로 39,6,유모스트,5,에스엠,1,35.37539443,129.1491589
부산 북구,P755125,휴대폰성지(알람폰구포점),부산 북구 모분재로105번길 23,6,에스엠,6,,0,35.19854962,129.0093656
부산 사하구,P772786,휴대폰주민센터 본점,부산 사하구 낙동대로549번길 66,6,에스엠,4,수인,2,35.11454438,128.9605286
부산 동래구,P789640,온통,부산 동래구 온천장로 85,6,강산,6,,0,35.22009846,129.0801011
부산 동구,P824859,열차폰 수정점,부산 동구 중앙대로371번길 12,6,태성,6,,0,35.12996095,129.0426203
부산 북구,P835418,휴대폰성지_다폰만덕,부산 북구 덕천로234번길 24,6,유모스트,6,,0,35.21002099,129.0287054
울산 남구,P847244,정직폰 울산점 휴대폰성지,울산 남구 삼산중로 20,6,에스엠,6,,0,35.53535196,129.3367545
대구 남구,P850130,아트통신,대구 남구 봉덕로 95,6,공감,6,,0,35.84486575,128.6011144
경북 경주시,P868516,(셀)휴대폰성지_경주점,경북 경주시 용황로7길 8,6,유모스트,4,수석_경상,2,35.88498954,129.2261224
경북 구미시,P881181,휴대폰성지 옆커폰 구미상모점,경북 구미시 상모사곡동,6,유모스트,1,태성,5,36.09531471,128.3536218
부산 연제구,P889966,휴대폰마트,부산 연제구 과정로 115,6,유모스트,6,,0,35.18187524,129.1067539
경남 창원시,P892084,옆커폰진해자은,경남 창원시 진해구 진해대로 999,6,유모스트,6,,0,35.14026421,128.7078138
부산 연제구,P937974,부산-우아미컴퍼니,부산 연제구 과정로 224,6,수석_경상,4,도매직영,2,35.18792225,129.1027977
부산 사상구,P964454,열차폰사상,부산 사상구 사상로 200,6,태성,6,,0,35.16296088,128.9846023
경남 양산시,P986146,라이언텔레콤,경남 양산시 물금읍 야리1길 20,6,빅뱅,6,,0,35.31063229,129.0081818
경남 창원시,P993264,친절한 폰가게,경남 창원시 진해구 용원남로 98,6,에스엠,2,강산,4,35.10120574,128.8151625
부산 남구,P047577,감만정보통신,부산 남구 우암로 61,5,도매직영,5,,0,35.11604286,129.0810298
경북 문경시,P051207,도원정보통신,경북 문경시 점촌로 2,5,공감,5,,0,36.59609555,128.2026204
울산 북구,P088186,휴대폰성지동네폰 매곡점,울산 북구 신기16길 1,5,에스엠,3,에이스,2,35.6383282,129.3483705
울산 남구,P111915,휴대폰젤싼집,울산 남구 중앙로 255-1,5,유모스트,5,,0,35.54355258,129.3103184
울산 중구,P113604,울산휴대폰성지 태화점,울산 중구 유곡로 20,5,유모스트,5,,0,35.55666594,129.3073028
부산 남구,P137264,재우통신,부산 남구 석포로 132,5,도매직영,5,,0,35.12880384,129.0917474
대구 중구,P172981,공짜파티,대구 중구 동덕로 141,5,마라톤,5,,0,35.86718105,128.6033983
경남 김해시,P188565,제이에이치비,경남 김해시 함박로101번길 18,5,유모스트,5,,0,35.23378905,128.8657495
경북 칠곡군,P193208,휴대폰 프라자_석적,경북 칠곡군 석적읍 석적로 954,5,유모스트,2,수인,3,36.07539272,128.3937809
부산 중구,P210604,폴스타통신,부산 중구 충장대로5번길 42,5,메타,5,,0,35.10891336,129.0377944
대구 달서구,P213818,휴대폰파는총각 상인점,대구 달서구 월서로 28,5,수인,4,가본,1,35.8142592,128.5450287
울산 북구,P225305,울산휴대폰성지여기다(달천점),울산 북구 농소3동,5,강산,5,,0,35.62863384,129.3396241
경남 창원시,P227305,폰가게,경남 창원시 진해구 벚꽃로 57,5,도매직영,5,,0,35.15101543,128.6621794
부산 해운대구,P236415,JJ반여,부산 해운대구 선수촌로 148,5,유모스트,4,태성,1,35.20636241,129.1219864
경남 창원시,P241510,마산하나로이동통신,경남 창원시 마산합포구 월영동1길 6,5,도매직영,5,,0,35.18018562,128.558927
경남 김해시,P246135,삐삐통신,경남 김해시 금관대로1193번길 12,5,빅뱅,5,,0,35.23437148,128.8525885
경남 창원시,P246941,휴대폰아울렛(창원스마일),경남 창원시 성산구 동산로 124,5,에스엠,5,,0,35.21934207,128.6916137
대구 북구,P255672,바른오피스본점,대구 북구 검단로 16,5,에스엠,2,수인,3,35.89925512,128.6155471
경남 김해시,P259172,스마일통신,경남 김해시 진례면 송정리,5,빅뱅,5,,0,35.250153,128.748197
경남 통영시,P261015,강남통신,경남 통영시 도남로 86,5,도매직영,5,,0,34.83128511,128.4138548
경북 김천시,P278345,김천 영통신,경북 김천시 김천로 128,5,수인,5,,0,36.12224147,128.1152872
울산 중구,P280497,아낌없이주는폰가게,울산 중구 곽남14길 17,5,유안,5,,0,35.5700554,129.3424635
경북 영천시,P281660,영신텔레콤,경북 영천시 시장로 65,5,뉴에이스,5,,0,35.96364486,128.9375295
부산 기장군,P283437,폰스타,부산 기장군 정관읍 모전1길 14,5,에스엠,5,,0,35.33540245,129.1665194
대구 동구,P291222,동네통신,대구 동구 효목로 45,5,뉴에이스,5,,0,35.87746073,128.6396713
대구 달서구,P292152,엔젤통신 죽전점,대구 달서구 달구벌대로 1595,5,유모스트,4,뉴에이스,1,35.85189491,128.5409059
경남 김해시,P292252,주식회사폰탑 진영점,경남 김해시 진영읍 본산로 9,5,유모스트,5,,0,35.30653475,128.7376178
부산 중구,P298401,코나통신,부산 중구 중앙대로 118,5,도매직영,5,,0,35.10800506,129.0369533
대구 동구,P298606,비케이(BK)모바일,대구 동구 동촌로 244,5,에스엠,4,뉴에이스,1,35.882916,128.663971
경북 영양군,P298701,대박통신,경북 영양군 영양읍 중앙로 139-1,5,충청모바일,5,,0,36.66578693,129.1142212
부산 동래구,P299554,연텔레콤,부산 동래구 동래로 41,5,유모스트,2,에스엠,3,35.21117605,129.0794466
경남 거제시,P300168,(셀)휴대폰성지_장평점,경남 거제시 장평로 13-1,5,유모스트,4,수석_경상,1,34.89090695,128.6155321
부산 사하구,P304719,현아텔레콤,부산 사하구 다송로 23,5,도매직영,5,,0,35.06607599,128.9828219
경남 진주시,P306627,우정통신,경남 진주시 진주대로 지하 1035,5,도매직영,5,,0,35.19207246,128.0847401
부산 북구,P309419,성일통신,부산 북구 금곡대로 지하 14,5,태성,5,,0,35.21097746,129.0049722
경남 김해시,P311546,㈜태산당 장유점,경남 김해시 장유로 232,5,메타,5,,0,35.20350862,128.8093468
경남 창원시,P311582,세린텔레콤,경남 창원시 진해구 신항동로 141,5,에스엠,2,수인,3,35.08835963,128.8134894
경북 김천시,P313132,팡팡통신,경북 김천시 부거리길 2,5,유모스트,5,,0,36.13446411,128.1172496
경남 밀양시,P322965,까치통신,경남 밀양시 석정로 44,5,빅뱅,4,태성,1,35.49366003,128.7514961
경북 구미시,P329768,폰프라자7호점,경북 구미시 백산로 202,5,수인,2,태성,3,36.11490151,128.3509104
경북 칠곡군,P334977,후니워니통신,경북 칠곡군 석적읍 남율로9길 33,5,수인,5,,0,36.06773669,128.4011946
대구 수성구,P336797,이니통신,대구 수성구 동대구로 149,5,태성,5,,0,35.84371703,128.6239175
경남 창원시,P345813,옥이통신,경남 창원시 마산합포구 자산남4길 2,5,도매직영,5,,0,35.20285137,128.5657943
경남 김해시,P356950,감자통신,경남 김해시 관동로71번길 18,5,에스엠,1,공감,4,35.17741546,128.812498
경북 칠곡군,P360114,세림텔레콤,경북 칠곡군 왜관읍 중앙로 155,5,태성,2,뉴에이스,3,35.98892188,128.3992553
부산 사상구,P360961,모라 모바일,부산 사상구 백양대로 907,5,에스엠,5,,0,35.18738612,128.9905521
경남 창원시,P362581,KS모바일,경남 창원시 마산합포구 오동동10길 73,5,유모스트,5,,0,35.2071647,128.5818486
울산 울주군,P363975,렉스텔레콤,울산 울주군 온산읍 덕신로 257,5,빅뱅,3,도매직영,2,35.43380946,129.3096279
경남 창원시,P368942,마시마로 모바일,경남 창원시 마산회원구 회원동17길 41,5,에스엠,5,,0,35.22164667,128.5711784
대구 북구,P377413,청구통신,대구 북구 침산로 153,5,유모스트,5,,0,35.88902655,128.5897443
부산 연제구,P379366,옆커폰연산(애플),부산 연제구 과정로 345,5,유모스트,2,태성,3,35.19059583,129.0900617
경북 포항시,P380928,비케이통신_포항,경북 포항시 남구 해동로 86,5,뉴에이스,1,도매직영,4,36.02701918,129.3725578
부산 강서구,P384414,강남모바일,부산 강서구 명지오션시티11로 22,5,유모스트,5,,0,35.08399984,128.8967369
부산 사하구,P385284,엔터컴장림,부산 사하구 장림번영로 24,5,태성,5,,0,35.08081091,128.9678363
경북 구미시,P386961,하루통신,경북 구미시 산호대로27길 22,5,수인,4,뉴에이스,1,36.13886092,128.4173308
경남 김해시,P398895,폰타스틱_진영점,경남 김해시 진영읍 김해대로361번길 16,5,에스엠,5,,0,35.30446788,128.736863
대구 수성구,P426971,휴대폰파는총각 신매광장점,대구 수성구 달구벌대로 3204,5,수인,1,뉴에이스,4,35.83994183,128.7069165
울산 북구,P427364,휴대폰성지 매곡점,울산 북구 매곡로 97-2,5,유모스트,5,,0,35.6415863,129.3547259
부산 부산진구,P431363,옆커폰서면,부산 부산진구 가야대로 761,5,태성,5,,0,35.15789793,129.0548734
경북 포항시,P433698,에코두호,경북 포항시 북구 두호동,5,태성,5,,0,36.06092071,129.3800853
울산 중구,P458848,캄보폰,울산 중구 종가25길 28,5,유모스트,5,,0,35.58906578,129.3438672
부산 부산진구,P491743,알람폰 개금점,부산 부산진구 가야대로443번길 25-6,5,에스엠,1,공감,4,35.15578146,129.0219829
부산 사하구,P497587,하하휴대폰,부산 사하구 장림시장5길 195,5,유모스트,5,,0,35.07960903,128.9701923
부산 부산진구,P497853,청림통신 범일,부산 부산진구 범일로 147-2,5,유모스트,4,에스엠,1,35.14325839,129.0590467
대구 서구,P503064,옆커폰만평,대구 서구 서대구로 352,5,태성,5,,0,35.88810709,128.5601198
부산 서구,P508549,디엠컴퍼니,부산 서구 대영로38번길 11,5,강산,5,,0,35.10739742,129.0161347
부산 해운대구,P519423,장산통신,부산 해운대구 해운대로 802,5,에스엠,5,,0,35.16914006,129.1766401
부산 동래구,P523187,부산휴대폰성지,부산 동래구 충렬대로107번길 65,5,에스엠,3,수인,2,35.21081854,129.0713082
부산 남구,P524898,코끼리폰 문현,부산 남구 수영로 37,5,유모스트,2,에스엠,3,35.13713012,129.0721629
경남 창원시,P560055,히어로즈 컴퍼니,경남 창원시 진해구 용재로 5,5,강산,5,,0,35.10248609,128.8105354
부산 기장군,P568856,(셀)휴대폰성지_일광점,부산 기장군 일광읍 해송1로 36,5,유모스트,4,수석_경상,1,35.26778883,129.2305089
부산 남구,P575774,폰픽 대연점,부산 남구 못골로 61,5,수석_경상,5,,0,35.13601886,129.0892268
부산 중구,P657817,아크로부산남포,부산 중구 구덕로 61,5,에스엠,1,수인,4,35.09771335,129.0290631
부산 연제구,P658572,휴대폰성지 판다폰 연제점,부산 연제구 아시아드대로 39,5,유모스트,5,,0,35.18999592,129.0661088
경북 영천시,P679955,신세기통신,경북 영천시 완산동,5,수인,5,,0,35.961926,128.937289
경남 창원시,P685729,다쏜다경남대,경남 창원시 마산합포구 3·15대로 20,5,유모스트,5,,0,35.18173613,128.559122
대구 달성군,P688388,㈜ 제니스모바일,대구 달성군 논공읍 남리길 1,5,뉴에이스,5,,0,35.72705919,128.4483078
울산 북구,P697136,주식회사 더 차칸,울산 북구 동대중앙로 6,5,유모스트,5,,0,35.62811092,129.3517393
부산 동래구,P712792,휴대폰성지 옆커폰 부산명륜점,부산 동래구 명륜로 170,5,에스엠,3,태성,2,35.21248571,129.0815582
경남 김해시,P714789,휴대폰백화점_주촌점,경남 김해시 주촌면 천곡로 26,5,에스엠,5,,0,35.23671108,128.8373564
부산 서구,P719347,청춘통신,부산 서구 구덕로 126,5,도매직영,5,,0,35.09676182,129.0224736
경남 창원시,P722190,(주)휴대폰성지핸드폰성지아정당창원상남,경남 창원시 성산구 상남동,5,유모스트,5,,0,35.2162395,128.6871933
경남 창원시,P723001,골드모바일,경남 창원시 진해구 안골로 306-1,5,태성,5,,0,35.09915986,128.8076209
부산 금정구,P733170,주식회사 디엘유통 서동지점,부산 금정구 서동로 151,5,수인,5,,0,35.21494839,129.1032602
부산 부산진구,P740173,주식회사 유진유통 부전점,부산 부산진구 새싹로8번길 5,5,유모스트,1,수인,4,35.15899197,129.0586284
대구 북구,P752993,스타정보통신,대구 북구 침산로 93,5,유모스트,5,,0,35.88522557,128.5897899
경남 김해시,P768691,잇다컴퍼니,경남 김해시 진영읍 장등로 141,5,에스엠,5,,0,35.3115889,128.7278877
대구 달서구,P768961,옆커폰죽전,대구 달서구 달구벌대로 1545,5,태성,5,,0,35.85037236,128.5360902
울산 남구,P805562,틈사이휴대폰_신정점,울산 남구 거마로 115,5,유모스트,5,,0,35.54024372,129.303208
대구 북구,P809658,페이드인 모바일,대구 북구 복현로 105,5,공감,5,,0,35.8954181,128.6254807
울산 남구,P810014,휴대폰카페,울산 남구 수암로 282,5,유모스트,5,,0,35.52160767,129.3353727
부산 부산진구,P823310,연지 휴대폰 성지,부산 부산진구 연지로 8,5,에스엠,5,,0,35.17060135,129.0507531
대구 북구,P826355,원투통신,대구 북구 침산로 93,5,에스엠,5,,0,35.88522557,128.5897899
부산 남구,P827413,휴대폰성지,부산 남구 용주로6번길 26,5,에스엠,5,,0,35.11194743,129.1112957
경남 창원시,P840278,휴대폰 성지 말폰 자산,경남 창원시 마산합포구 자산삼거리로 26,5,빅뱅,2,메타,3,35.20337518,128.5652081
부산 부산진구,P865289,하이모바일,부산 부산진구 개금제1동,5,태성,5,,0,35.15269309,129.0219328
부산 북구,P908572,에스더블유컴퍼니,부산 북구 백양대로 1202,5,에스엠,3,도매직영,2,35.20970608,129.0059413
부산 해운대구,P914571,휴대폰성지(중동),부산 해운대구 중제1동,5,유모스트,1,에스엠,4,35.16253265,129.1642316
대구 남구,P916093,(셀)휴대폰성지_북구점,대구 남구 대명로14길 60,5,유모스트,4,수석_충청,1,35.83527448,128.5631123
경북 경주시,P941580,옆커폰경주황오,경북 경주시 원화로 260,5,유모스트,3,태성,2,35.84362324,129.2174886
부산 기장군,P965901,기장제일통신2호,부산 기장군 기장읍 차성동로 165,5,도매직영,5,,0,35.25260856,129.2170301
경북 김천시,P972406,후니워니 덕곡,경북 김천시 영남대로 2030,5,수인,5,,0,36.11759726,128.1504544
경남 김해시,P995012,에스오엔지 이엔티,경남 김해시 활천로36번길 29,5,에스엠,5,,0,35.22890598,128.8998396
부산 중구,P997791,이음새,부산 중구 중구로 11,5,메타,3,강산,2,35.09885443,129.0276465
경북 구미시,P999817,효준통신,경북 구미시 박정희로 599,5,유모스트,5,,0,36.12201143,128.3402721
부산 동래구,P018088,신텔레콤,부산 동래구 금강공원로20번길 93,4,강산,4,,0,35.22303351,129.0834321
부산 북구,P044323,K-플러스,부산 북구 효열로 226,4,메타,3,도매직영,1,35.26392172,129.0199315
경남 창원시,P048667,옆커폰진해화천,경남 창원시 진해구 중원동로 77-1,4,에스엠,2,태성,2,35.15163608,128.6615708
대구 달성군,P097415,H.진통신,대구 달성군 유가읍 테크노상업로 110,4,수인,4,,0,35.6932352,128.4615554
대구 서구,P102677,텔미모바일,대구 서구 국채보상로34길 23,4,뉴에이스,4,,0,35.8671785,128.5498181
경남 통영시,P115474,통영맘통신,경남 통영시 미수해안로 50,4,에스엠,4,,0,34.83014802,128.4063205
경남 김해시,P121881,폰택 주식회사 김해어방점,경남 김해시 인제로 186,4,에스엠,1,강산,3,35.24517818,128.9041664
대구 중구,P125417,휴대폰성지 T.C모바일,대구 중구 달구벌대로 1950,4,수인,4,,0,35.86287963,128.576747
경북 경주시,P138664,중앙모바일,경북 경주시 원효로51번길 12,4,유모스트,4,,0,35.84329929,129.2066182
경남 김해시,P167954,몽키폰율하(율하점),경남 김해시 율하2로 124,4,유모스트,4,,0,35.16912381,128.8142572
경북 포항시,P169663,장군텔레콤,경북 포항시 남구 연일읍 연일로159번길 40,4,유모스트,3,에스엠,1,35.99639282,129.348152
울산 남구,P171217,니나노 모바일,울산 남구 삼산중로131번길 13,4,유모스트,4,,0,35.54482006,129.3344034
부산 해운대구,P171998,동보텔레콤,부산 해운대구 중동1로 21,4,메타,4,,0,35.16331856,129.1620259
부산 북구,P191870,옆커폰부산만덕,부산 북구 덕천로247번길 1,4,유모스트,4,,0,35.21085078,129.0313273
부산 기장군,P206101,쌍둥이텔레콤,부산 기장군 기장읍 차성동로 180,4,메타,4,,0,35.25386499,129.2173299
울산 중구,P218420,하늘통신,울산 중구 병영로 20,4,유모스트,1,에스엠,3,35.57114469,129.3462786
부산 부산진구,P233306,밍폰,부산 부산진구 당감제1동,4,에스엠,4,,0,35.16448093,129.0356699
경북 의성군,P239272,봉양통신,경북 의성군 봉양면 도리원1길 52,4,뉴에이스,4,,0,36.29876899,128.5798437
경남 창원시,P239960,중리마산,경남 창원시 마산회원구 내서읍 중리상곡로 133,4,에스엠,4,,0,35.25207449,128.5116873
대구 동구,P241028,신기통신,대구 동구 율하동로24길 27,4,수인,2,태성,2,35.86966547,128.7052234
울산 중구,P242318,호야텔레콤,울산 중구 학성로 71,4,에스엠,4,,0,35.55497876,129.3189045
부산 수영구,P244905,부산-에이스텔레콤,부산 수영구 수영로408번길 20,4,수석_경상,2,도매직영,2,35.14189308,129.109188
부산 사하구,P246329,SK동일텔레콤,부산 사하구 감천로 43,4,도매직영,4,,0,35.0910877,128.997423
부산 해운대구,P248154,옆커폰부산좌동,부산 해운대구 세실로 64,4,에스엠,3,태성,1,35.17099761,129.1776451
대구 북구,P253498,미래대현,대구 북구 대현로16길 21,4,수인,4,,0,35.88244855,128.6064045
울산 중구,P256242,VIP정보통신,울산 중구 다운로 36-1,4,유모스트,4,,0,35.55813365,129.2729287
부산 사하구,P256572,주영정보통신,부산 사하구 다대로 586,4,빅뱅,4,,0,35.0541604,128.9704411
울산 북구,P257044,레인보우,울산 북구 염포로 655,4,빅뱅,4,,0,35.533791,129.3905153
부산 사상구,P258501,(주)우신텔레콤,부산 사상구 백양대로 884,4,에스엠,4,,0,35.18509326,128.9914513
부산 금정구,P272303,엠스타쉬,부산 금정구 오륜대로 29,4,강산,4,,0,35.24224161,129.0952894
대구 동구,P272648,칸통신,대구 동구 파계로6길 31,4,에스엠,4,,0,35.94011796,128.6398201
경남 김해시,P279760,쌍둥이폰가게,경남 김해시 진영읍 여래로 42,4,빅뱅,4,,0,35.30256666,128.7342797
경북 영천시,P281131,D&G통신,경북 영천시 충효로 126,4,수인,2,뉴에이스,2,35.97544558,128.9425079
경남 사천시,P281507,갤럭시SM_사천,경남 사천시 사천읍 평화1길 51,4,태성,4,,0,35.08351978,128.0885267
경남 창원시,P284830,빠세텔레콤,경남 창원시 진해구 용재로 15-1,4,에스엠,3,태성,1,35.10225254,128.8116541
부산 사하구,P286918,주식회사 폰탑(신다대점),부산 사하구 다송로 58,4,강산,4,,0,35.06251836,128.9832689
경남 양산시,P288350,윈스타모바일,경남 양산시 신기로 95,4,에스엠,4,,0,35.35901875,129.0445058
부산 동구,P289716,휴대폰놀이터(수정),부산 동구 고관로 79,4,도매직영,4,,0,35.12619472,129.0444886
대구 달성군,P291103,육일통신,대구 달성군 옥포면 비슬로 2199,4,태성,4,,0,35.78852469,128.4623546
대구 수성구,P293404,바다상동,대구 수성구 수성로 99-1,4,공감,4,,0,35.83439552,128.6113533
경북 김천시,P295570,라라텔레콤,경북 김천시 김천로 36,4,도매직영,4,,0,36.12604916,128.1073119
경남 밀양시,P296221,대성모바일,경남 밀양시 역앞광장로 16,4,유모스트,4,,0,35.47259021,128.769533
경북 포항시,P297302,승승통신,경북 포항시 남구 오천읍 남원로 86-62,4,유모스트,4,,0,35.97303952,129.4003263
경남 김해시,P297807,㈜엠케이네트웍스_수목통신,경남 김해시 삼안로235번길 1,4,에스엠,4,,0,35.24887709,128.910515
부산 해운대구,P298140,AURA TELECOM(아우라텔레콤),부산 해운대구 신반송로 174,4,도매직영,4,,0,35.22896634,129.1608488
부산 사상구,P299215,나우모바일,부산 사상구 덕상로 17,4,메타,4,,0,35.17313069,128.9891409
부산 사상구,P300350,냉정폰마트,부산 사상구 냉정로 116,4,강산,4,,0,35.14934913,129.012609
울산 동구,P304731,0모바일,울산 동구 학문로 31,4,유모스트,4,,0,35.50295898,129.4256227
경북 구미시,P304942,H.폰프라자도량,경북 구미시 송동로 70-4,4,수인,4,,0,36.1389026,128.32409
경북 경주시,P305117,스펙트럼,경북 경주시 탈해로 10,4,뉴에이스,4,,0,35.84675792,129.2290471
경남 통영시,P305723,KTF한려대리점,경남 통영시 해미당3길 30,4,에스엠,2,서부모바일,2,34.854494,128.4289782
부산 사상구,P306989,폰드림,부산 사상구 엄궁로203번길 41,4,태성,3,도매직영,1,35.12875613,128.9719968
대구 수성구,P309828,시지광장통신,대구 수성구 신매로 96,4,도매직영,4,,0,35.83794924,128.7091733
대구 남구,P310409,두찜,대구 남구 대명로 66,4,수인,4,,0,35.83893647,128.5648304
울산 남구,P311226,아우라모바일,울산 남구 굴화4길 19,4,에스엠,4,,0,35.55295046,129.2644693
경남 진주시,P313852,티티텔레콤,경남 진주시 도동천로 84,4,유모스트,4,,0,35.17914319,128.1097223
부산 연제구,P314622,씨에스모바일,부산 연제구 과정로 114-1,4,에스엠,4,,0,35.18153112,129.107327
부산 부산진구,P315130,부경텔레콤(서면점),부산 부산진구 서면로 49,4,유모스트,1,뉴에이스,3,35.15509169,129.0575439
대구 달성군,P315868,와이쥐모바일(YG moblie 논공점),대구 달성군 논공읍 논공로9길 94,4,에스엠,2,뉴에이스,2,35.72896454,128.4444566
대구 동구,P315931,싸군통신 효목,대구 동구 아양로50길 102,4,공감,4,,0,35.8828385,128.6421068
경남 창원시,P320196,서강컴퍼니본점,경남 창원시 성산구 동산로 124,4,수인,4,,0,35.21934207,128.6916137
대구 북구,P323866,찰스텔레콤,대구 북구 침산남로 187,4,뉴에이스,2,유안,2,35.88749128,128.5961368
대구 달서구,P326246,엔젤통신(상인점),대구 달서구 상원로 15,4,유모스트,4,,0,35.81136341,128.5361224
부산 동구,P326507,케이에스(KS)스토어,부산 동구 초량중로 70,4,빅뱅,2,도매직영,2,35.11796311,129.0389725
경북 포항시,P329273,일등통신,경북 포항시 북구 학전로 53,4,도매직영,4,,0,36.05729049,129.3739443
경북 안동시,P331950,불티나통신,경북 안동시 경동로 841,4,에스엠,2,뉴에이스,2,36.56113296,128.7493516
경북 영천시,P333655,애플플러스,경북 영천시 호국로 55,4,수인,1,뉴에이스,3,35.97345446,128.9437436
부산 기장군,P334117,케이샤모바일,부산 기장군 기장읍 차성로404번길 70,4,유모스트,4,,0,35.25033297,129.2143732
부산 부산진구,P336016,부산-딸기폰,부산 부산진구 당감서로80번길 30,4,수석_경상,4,,0,35.16741287,129.038563
부산 연제구,P337415,연일텔레콤,부산 연제구 고분로105번길 31,4,태성,1,도매직영,3,35.18742178,129.0938122
대구 달서구,P340113,리더스모바일,대구 달서구 이곡공원로 38,4,뉴에이스,4,,0,35.85494234,128.5117272
경북 포항시,P341241,21모바일,경북 포항시 남구 송림로 31,4,유모스트,4,,0,36.03263393,129.375484
울산 북구,P354071,더폰진장,울산 북구 고헌로 178,4,에스엠,2,태성,2,35.56221417,129.3551798
경북 구미시,P355624,챌린저모바일,경북 구미시 인동중앙로 45,4,수인,4,,0,36.10893482,128.4224102
대구 달성군,P356439,드림현풍,대구 달성군 현풍읍 현풍중앙로 68,4,뉴에이스,4,,0,35.69542708,128.4452109
경북 포항시,P358104,더블유엠케이 포항송도점,경북 포항시 남구 송도로 41,4,유모스트,4,,0,36.03361639,129.3756375
경북 칠곡군,P358482,휴대폰 국제시장,경북 칠곡군 북삼읍 인평중앙로 30-2,4,유모스트,4,,0,36.0620222,128.3438846
경북 안동시,P358729,경북정보통신,경북 안동시 경동로 915,4,뉴에이스,4,,0,36.55682532,128.7555055
부산 남구,P360612,뉴폰,부산 남구 못골로 70,4,에스엠,4,,0,35.13588651,129.0898988
경북 포항시,P361069,에코모바일이동점,경북 포항시 남구 대이로 145,4,유모스트,1,태성,3,36.02807004,129.3398693
경북 영주시,P361655,한결통신영주,경북 영주시 대학로 291,4,뉴에이스,4,,0,36.82133862,128.6043878
부산 기장군,P361687,(OB)빅뱅_온라인,부산 기장군 정관읍,4,빅뱅,4,,0,35.32000304,129.1765299
경북 포항시,P362087,청춘양덕,경북 포항시 북구 장량로173번길 3,4,수인,3,뉴에이스,1,36.08231074,129.3992528
부산 수영구,P362508,동방텔레콤,부산 수영구 광남로 206,4,에스엠,4,,0,35.15854723,129.1212439
경북 구미시,P363994,달콤모바일,경북 구미시 산동읍 신당4로 115,4,뉴에이스,4,,0,36.15524089,128.4286503
경남 김해시,P364885,봄텔레콤,경남 김해시 금관대로 1207,4,유모스트,4,,0,35.22476764,128.6798856
경북 김천시,P366315,다모아통신,경북 김천시 용암로 3,4,수인,4,,0,36.11994632,128.1272793
경북 문경시,P366414,점촌다온,경북 문경시 중앙로 117,4,공감,4,,0,36.59563403,128.1994444
대구 남구,P367275,비상통신,대구 남구 신촌길 57,4,빅뱅,4,,0,35.83939232,128.6022875
부산 사상구,P369820,휴대폰주민센터 주례점,부산 사상구 백양대로 372-22,4,유모스트,1,에스엠,3,35.15507663,129.013064
경남 김해시,P371859,유진위너,경남 김해시 진영읍 여래로20번길 34-21,4,에스엠,4,,0,35.30628404,128.7314361
경북 칠곡군,P372819,북삼프라자,경북 칠곡군 북삼읍 금오대로8길 2,4,유모스트,4,,0,36.06970372,128.3476763
경북 성주군,P377203,더나은성주,경북 성주군 성주읍 성주로 3224-1,4,공감,4,,0,35.91815697,128.2864486
대구 중구,P378894,1남산,대구 중구 남산로 22,4,태성,4,,0,35.85846193,128.583017
경북 예천군,P379327,(셀)휴대폰성지_예천점,경북 예천군 호명면 새움3로 60-4,4,유모스트,3,수석_충청,1,36.57599367,128.4922832
부산 기장군,P380543,테라스모바일,부산 기장군 정관읍 구연방곡로 120,4,유모스트,4,,0,35.32176557,129.1905582
경남 양산시,P380721,선셋,경남 양산시 서창로 175,4,에스엠,4,,0,35.41523413,129.1714305
경북 구미시,P381795,한별통신,경북 구미시 인동중앙로8길 4,4,수인,4,,0,36.10773187,128.4224507
울산 중구,P384258,울산텔레콤,울산 중구 학성로 73,4,태성,4,,0,35.5549901,129.3190406
부산 부산진구,P385127,부산-제이앰,부산 부산진구 백양산로53번길 8,4,메타,2,수석_경상,2,35.1637926,129.0393135
대구 수성구,P386880,남매범어,대구 수성구 범어로20길 1,4,태성,4,,0,35.85799276,128.6359164
경남 김해시,P394467,옆커폰김해삼정,경남 김해시 인제로39번길 56,4,유모스트,4,,0,35.23167014,128.8989979
부산 서구,P396680,폰초 충무점,부산 서구 충무대로 284-1,4,유모스트,4,,0,35.09596494,129.0246307
경남 진주시,P420200,옆커폰진주충무공동,경남 진주시 사들로 79,4,유모스트,3,태성,1,35.17493595,128.1489343
울산 중구,P450005,감동텔레콤,울산 중구 구교로 27,4,공감,4,,0,35.55540428,129.3276051
경북 포항시,P461672,상생모바일,경북 포항시 남구 상도남로 37,4,뉴에이스,4,,0,36.00808576,129.3461287
경남 진주시,P508657,휴대폰성지 판다폰 진주 대안점,경남 진주시 진양호로527번길 6,4,유모스트,2,에스엠,2,35.19327262,128.0831401
대구 달서구,P510499,노란마켓 계대역점,대구 달서구 계대동문로 15,4,마라톤,4,,0,35.85580207,128.4939687
부산 동래구,P513885,옆커폰동래역,부산 동래구 온천천로 165,4,유모스트,4,,0,35.20496711,129.0789855
부산 기장군,P519439,다모컴퍼니,부산 기장군 기장읍 읍내로 106,4,수인,4,,0,35.24493689,129.2158297
부산 동구,P520905,케이디오 범일점점,부산 동구 망양로 968-1,4,빅뱅,4,,0,35.14182805,129.054993
울산 남구,P523300,폰파는년석들 옥동점,울산 남구 문수로 336,4,유모스트,2,에스엠,2,35.53480396,129.2900761
부산 서구,P527875,피에이치모바일 (PH모바일),부산 서구 충무대로 32-1,4,도매직영,4,,0,35.07834956,129.0165347
대구 서구,P532876,휴대폰마-?R 중리점,대구 서구 국채보상로34길 71,4,공감,4,,0,35.86291754,128.5506176
울산 남구,P535802,옆커폰 삼산점,울산 남구 돋질로 300,4,수인,4,,0,35.54399503,129.3375288
울산 울주군,P536218,울산휴대폰성지 옆커폰언양점,울산 울주군 언양읍 북문7길 1,4,에스엠,2,뉴에이스,2,35.5692433,129.1256798
대구 중구,P537975,주식회사 투존,대구 중구 국채보상로 450,4,태성,4,,0,35.87027298,128.5799028
부산 해운대구,P560755,휴대폰성지 KR모바일 부산반여점,부산 해운대구 선수촌로 59,4,메타,1,강산,3,35.19907636,129.1185416
부산 부산진구,P575462,(셀)휴대폰성지_가야점,부산 부산진구 가야대로 538,4,수석_경상,4,,0,35.15321022,129.0305378
대구 달서구,P607668,토스폰장기,대구 달서구 장기로 248,4,수인,4,,0,35.84374646,128.5333589
대구 중구,P638255,옆커폰서문시장,대구 중구 국채보상로 451-2,4,태성,4,,0,35.87063402,128.580187
부산 기장군,P639554,알뜰폰,부산 기장군 기장읍 차성동로73번길 2,4,메타,4,,0,35.23871011,129.2158563
경남 진주시,P643598,토끼폰진주,경남 진주시 진양호로 221,4,에스엠,4,,0,35.17386347,128.0601777
부산 금정구,P649337,(셀)휴대폰성지_구서점,부산 금정구 금정로233번길 63,4,수석_경상,4,,0,35.24742291,129.090227
경남 진주시,P671512,형제폰가게,경남 진주시 진주대로 919,4,에스엠,2,태성,2,35.18223503,128.0891882
경남 양산시,P679379,슈퍼맨텔레콤 중부점,경남 양산시 양주동,4,에스엠,4,,0,35.33650371,129.0322696
부산 동구,P693967,루비폰,부산 동구 범일로 82,4,에스엠,2,수인,2,35.13724203,129.059635
부산 부산진구,P703983,폰파는 청년,부산 부산진구 가야대로 594,4,유모스트,4,,0,35.15451637,129.0368603
부산 부산진구,P709217,옆커폰부산양정,부산 부산진구 연수로 9,4,강산,4,,0,35.17351777,129.0722801
경남 김해시,P728491,챔피언텔레콤(김해점),경남 김해시 봉황대길 4,4,유모스트,4,,0,35.22636269,128.8759117
경남 김해시,P740032,휴대폰일번지,경남 김해시 인제로 165,4,에스엠,4,,0,35.24336836,128.9034723
부산 수영구,P743126,열차폰 남천점,부산 수영구 남천바다로10번길 61,4,태성,4,,0,35.14268899,129.1103307
경남 밀양시,P748820,해수텔레콤,경남 밀양시 중앙로 319,4,유모스트,1,도매직영,3,35.49140152,128.7538463
부산 강서구,P748972,휴대폰성지(명지서부법원점),부산 강서구 명지국제7로 37,4,에스엠,4,,0,35.09752188,128.9052031
경남 창원시,P750785,바로컴퍼니_창원,경남 창원시 성산구 원이대로393번길 28,4,에스엠,4,,0,35.23980505,128.6633718
울산 동구,P756521,(셀)휴대폰성지_남목점,울산 동구 옥류로 51,4,유모스트,3,수석_경상,1,35.54340231,129.4262439
부산 강서구,P767380,에스에이텔레콤,부산 강서구 신호이로 33,4,에스엠,3,수인,1,35.08599288,128.8777484
울산 동구,P772833,청춘모바일,울산 동구 대송7길 40,4,에스엠,3,에이스,1,35.50072848,129.4192836
경북 경산시,P778871,휴대폰파는총각 사동점,경북 경산시 백자로 60,4,수인,3,가본,1,35.8112579,128.7546252
경남 창원시,P799251,당근통신,경남 창원시 의창구 도계로 68,4,에스엠,4,,0,35.25854911,128.6381175
부산 서구,P799657,봉텔레콤,부산 서구 구덕로 96,4,유모스트,4,,0,35.09720266,129.025243
울산 북구,P805774,(셀)휴대폰성지_강동점,울산 북구 산하중앙3로 142,4,유모스트,4,,0,35.6385989,129.4384103
경북 김천시,P817573,아포일등통신,경북 김천시 아포읍 한지2길 15,4,태성,3,도매직영,1,36.15916724,128.2600739
울산 남구,P830217,울산휴대폰성지 수암휴대폰특판점,울산 남구 신선로 71-3,4,유모스트,4,,0,35.52190845,129.3204165
울산 남구,P837179,엠에이치 컴퍼니,울산 남구 봉월로 55,4,유모스트,4,,0,35.53730571,129.305291
대구 달서구,P845070,제로폰 송현점,대구 달서구 월배로 452,4,수석_충청,4,,0,35.83361797,128.5547786
경북 구미시,P860850,옆커폰원평,경북 구미시 역전로 11,4,태성,4,,0,36.12983906,128.3314189
부산 해운대구,P866949,브이컴퍼니,부산 해운대구 재반로 117-1,4,에스엠,4,,0,35.18898547,129.1264994
대구 달서구,P900044,골드링크 모바일,대구 달서구 도원로서길 3-8,4,유모스트,1,수인,3,35.807525,128.5350012
대구 남구,P907098,(드)성동컴퍼니,대구 남구 월배로 484,4,공감,3,수석_충청,1,35.83627618,128.5567695
대구 수성구,P917328,결이다른폰가게,대구 수성구 수성로69길 70,4,태성,4,,0,35.85660053,128.6094847
울산 울주군,P933497,옆커폰 남창점,울산 울주군 온양읍 연안1길 3,4,유모스트,3,태성,1,35.40937543,129.2820777
경남 김해시,P950171,옆커폰김해부곡,경남 김해시 장유로 224,4,유모스트,3,태성,1,35.20412595,128.8087009
부산 해운대구,P955806,통신마을(위),부산 해운대구 반송로924번길 7-1,4,유모스트,4,,0,35.23240469,129.1550999
경북 포항시,P959680,교포항,경북 포항시 남구 문예로 60,4,유모스트,4,,0,36.0129822,129.3638327
부산 수영구,P961363,민텔레콤,부산 수영구 수영로705번길 7,4,에스엠,4,,0,35.16822017,129.1164853
경북 포항시,P963503,휴대폰 파는 총각 포항 양덕점,경북 포항시 북구 천마로72번길 33,4,뉴에이스,4,,0,36.08364248,129.3993783
부산 기장군,P977416,(셀)휴대폰성지_정관2호,부산 기장군 정관읍 정관로 393,4,수석_경상,4,,0,35.33431256,129.1659003
경북 영천시,P978332,H.휴대폰성지영천,경북 영천시 창신1길 35,4,에스엠,2,뉴에이스,2,35.98993999,128.95259
부산 남구,P985726,휴대폰성지휴스,부산 남구 문현금융로 40,4,유모스트,2,에스엠,2,35.14649173,129.0658548
경북 포항시,P022365,스피드포항,경북 포항시 남구 오천읍 정몽주로 650,3,유모스트,2,도매직영,1,35.97582075,129.414009
대구 중구,P046249,파발마정보통신,대구 중구 동성로1길 51,3,뉴에이스,3,,0,35.86591566,128.5962674
경남 창원시,P047072,칠성통신,경남 창원시 의창구 소계로84번길 1,3,에스엠,1,태성,2,35.25687814,128.5994519
부산 동구,P048032,범우정보통신,부산 동구 초량3동,3,도매직영,3,,0,35.12025,129.039612
경남 창원시,P048740,스피드텔레콤,경남 창원시 마산합포구 3·15대로 370-1,3,태성,2,도매직영,1,35.20758522,128.5740979
부산 사상구,P073967,더(The)좋은 모바일,부산 사상구 대동로 83,3,도매직영,3,,0,35.13777444,128.9773316
경북 경산시,P077605,1하양,경북 경산시 하양읍 서사도리4로 2,3,태성,3,,0,35.91872944,128.8087608
경남 사천시,P105875,사천중앙모바일,경남 사천시 사천읍 평화1길 32,3,에스엠,2,강산,1,35.0825754,128.0883141
경북 문경시,P111735,옆커폰 문경점,경북 문경시 중앙로 105,3,태성,3,,0,36.59467279,128.1986708
부산 수영구,P123836,주식회사 에스피엘빌드업,부산 수영구 연수로 419,3,태성,3,,0,35.16782426,129.1148215
부산 부산진구,P134117,마징가11호,부산 부산진구 새싹로 157-1,3,에스엠,3,,0,35.1702515,129.0499347
울산 남구,P136003,금송정보,울산 남구 수암로 10,3,에스엠,3,,0,35.53173686,129.3093538
부산 수영구,P156044,믿음통신,부산 수영구 남천제1동,3,도매직영,3,,0,35.14268538,129.1103306
대구 달서구,P161985,휴대폰파는총각 이곡점,대구 달서구 달구벌대로251길 33,3,수인,1,유안,2,35.85515576,128.5047126
경남 김해시,P172180,세원통신,경남 김해시 삼안로 226,3,유모스트,3,,0,35.24882612,128.9123037
울산 중구,P172411,울산-지오텔레콤,울산 중구 학성로 77,3,에스엠,3,,0,35.55502451,129.3194439
경북 구미시,P172417,도량SK,경북 구미시 송동로 63,3,수인,3,,0,36.13823825,128.3236939
경북 포항시,P172876,오천정보통신,경북 포항시 남구 오천읍 정몽주로 610,3,뉴에이스,1,도매직영,2,35.97242989,129.4154586
경남 김해시,P174762,H.헬프모바일,경남 김해시 가락로 50,3,뉴에이스,3,,0,35.22872805,128.8865592
경남 창원시,P183121,건민정보통신,경남 창원시 마산합포구 자산삼거리로 21,3,도매직영,3,,0,35.20306667,128.5654323
경북 구미시,P190345,사과통신,경북 구미시 선산읍 남문로 25-1,3,유모스트,1,뉴에이스,2,36.23986046,128.3017237
경남 김해시,P191836,케이제이 모바일,경남 김해시 분성로 328,3,빅뱅,3,,0,35.23341959,128.8817577
경북 칠곡군,P194435,썬텔레콤,경북 칠곡군 약목면 약목로 83-1,3,빅뱅,3,,0,36.03382782,128.3655471
부산 수영구,P196404,건일정보통신,부산 수영구 수영로 567,3,도매직영,3,,0,35.15651744,129.112647
대구 동구,P198145,도람모바일,대구 동구 동호로11길 20,3,에스엠,3,,0,35.86833637,128.7319203
울산 울주군,P209530,울산-가장싼핸드폰가게,울산 울주군 언양읍 동문길 53,3,유모스트,1,수석_경상,2,35.56620744,129.1251061
부산 북구,P212935,비티엠 컴퍼니,부산 북구 덕천2길 8,3,에스엠,3,,0,35.20894721,129.0057508
울산 동구,P217478,주식회사 민국통신,울산 동구 문현로 35,3,서부모바일,3,,0,35.48498122,129.4137947
부산 동래구,P232616,휴대폰성지,부산 동래구 온천장로65번길 9,3,에스엠,3,,0,35.21644073,129.0797945
경남 진주시,P239037,준텔레콤 4호점,경남 진주시 도동로202번길 1,3,도매직영,3,,0,35.18841655,128.1223589
경남 창원시,P242307,엣지통신,경남 창원시 진해구 안골로 344,3,강산,2,도매직영,1,35.10165124,128.8101895
대구 서구,P245201,보물섬내당,대구 서구 달서로 13,3,뉴에이스,3,,0,35.86332919,128.5714266
경남 창원시,P246856,레이커텔레콤,경남 창원시 성산구 용지로169번길 13,3,에스엠,3,,0,35.23043617,128.6809209
대구 남구,P247548,스피드 텔레콤,대구 남구 성당로 192,3,유모스트,2,뉴에이스,1,35.85012941,128.5724211
부산 동래구,P249150,베스트,부산 동래구 안락로 23,3,에스엠,3,,0,35.20070895,129.0998165
경남 고성군,P249484,현대통신,경남 고성군 고성읍 동외로 188-4,3,뉴에이스,3,,0,34.97797524,128.3264811
대구 달서구,P250685,블루스카이_이곡점,대구 달서구 이곡동로 17,3,공감,3,,0,35.85428036,128.5094334
경북 경산시,P251249,이수통신,경북 경산시 경산로7길 6,3,에스엠,3,,0,35.81285307,128.7322456
경북 포항시,P253592,코리아텔,경북 포항시 북구 중흥로 310,3,에스엠,2,충청모바일,1,36.02970036,129.3639391
부산 해운대구,P257269,휴모바일,부산 해운대구 해운대로383번길 29,3,도매직영,3,,0,35.17029084,129.1391609
부산 북구,P257686,골드통신_금곡점,부산 북구 금곡대로616번길 37,3,도매직영,3,,0,35.26218786,129.0161746
경남 김해시,P258411,대일통신,경남 김해시 진영읍 진영로 222,3,수인,3,,0,35.30242464,128.7372109
부산 사하구,P260486,승원통신,부산 사하구 하신번영로 189,3,도매직영,3,,0,35.0987249,128.9595828
경남 창원시,P261824,우주로통신,경남 창원시 진해구 중원동로 61-1,3,도매직영,3,,0,35.15014269,128.6613441
대구 북구,P266426,H.탑통신_동천,대구 북구 동천로 136,3,유모스트,3,,0,35.94363364,128.5611853
경남 양산시,P268582,총각텔레콤,경남 양산시 양산역1길 18,3,에스엠,1,태성,2,35.33648613,129.0276244
부산 수영구,P269033,부산-테마2,부산 수영구 민락로6번길 28,3,수석_경상,3,,0,35.15671149,129.1240615
경북 구미시,P269615,구미민주정보통신2,경북 구미시 산호대로25길 15,3,수인,3,,0,36.13872888,128.4151613
부산 중구,P270017,휴대폰싸다구,부산 중구 비프광장로 3,3,유모스트,3,,0,35.09836113,129.0257386
대구 동구,P275121,팔평신천,대구 동구 동부로 19,3,공감,3,,0,35.87426781,128.6148252
부산 사하구,P276739,사자텔레콤,부산 사하구 감천로 113,3,강산,3,,0,35.08787992,129.0043081
경남 김해시,P276999,하나텔레콤,경남 김해시 번화1로76번길 20,3,빅뱅,2,에스엠,1,35.1945548,128.8019766
부산 동래구,P278403,하이안락,부산 동래구 명안로45번길 18,3,태성,2,도매직영,1,35.20097152,129.1037155
경남 진주시,P278903,한백텔레콤,경남 진주시 대신로 355,3,에스엠,3,,0,35.19216214,128.1164233
부산 사상구,P278905,서영모바일,부산 사상구 새벽로168번길 42,3,메타,3,,0,35.15556717,128.9854881
경북 구미시,P280236,태권V모바일,경북 구미시 형곡로 108,3,유모스트,3,,0,36.11160899,128.3321561
경북 포항시,P280897,스폰서통신,경북 포항시 남구 오천읍 문덕로 2,3,유모스트,3,,0,35.9624221,129.4027676
대구 달서구,P285435,월드월성,대구 달서구 학산로7길 81,3,태성,1,뉴에이스,2,35.83557296,128.530547
울산 동구,P287844,해피통신,울산 동구 꽃바위로 312,3,도매직영,3,,0,35.48514769,129.4226944
부산 동구,P291643,금샘,부산 동구 범상로 1,3,유모스트,2,에스엠,1,35.14045953,129.0488707
대구 달서구,P293204,스마트마켓(SM),대구 달서구 중흥로8길 110,3,수인,3,,0,35.8269101,128.552321
대구 수성구,P293320,영재텔레콤,대구 수성구 파동로 120,3,에스엠,3,,0,35.81399827,128.6161828
부산 부산진구,P293629,벅수통신,부산 부산진구 새싹로 183,3,유모스트,2,에스엠,1,35.17178406,129.0489367
부산 북구,P296015,성우지하,부산 북구 금곡대로 지하 14,3,태성,3,,0,35.21097746,129.0049722
부산 해운대구,P296083,인샤인모바일,부산 해운대구 재반로 206,3,메타,3,,0,35.19561819,129.1309304
대구 북구,P296422,굿모바일_동천,대구 북구 동암로 90,3,에스엠,2,뉴에이스,1,35.94413787,128.5603226
대구 달서구,P296634,훈스마트텔레콤,대구 달서구 진천로 77,3,빅뱅,3,,0,35.81646348,128.5211196
대구 달성군,P297170,다온화원,대구 달성군 화원읍 화원로2길 2,3,수인,3,,0,35.8053996,128.5008648
부산 남구,P298327,좋은생각텔레콤특판본점,부산 남구 전포대로 90,3,도매직영,3,,0,35.14474361,129.0671194
경남 창원시,P298427,휴대폰하이마트마산,경남 창원시 마산합포구 진동면 진북산업로 40,3,태성,3,,0,35.11965763,128.4884362
경남 창원시,P298789,교보동읍점,경남 창원시 의창구 동읍 동읍로 6,3,빅뱅,3,,0,35.27764564,128.6848557
대구 달서구,P298879,마징가모바일샵,대구 달서구 조암로 24,3,에스엠,3,,0,35.82555414,128.5270991
경남 밀양시,P299055,삼량진대일통신,경남 밀양시 삼랑진읍 천태로 4,3,수인,1,도매직영,2,35.3963627,128.8373768
경북 경산시,P300374,탑텔레콤,경북 경산시 장산로 257,3,에스엠,3,,0,35.81765282,128.7527374
경북 포항시,P300530,유강길텔레콤,경북 포항시 남구 연일읍 유강길17번길 24,3,도매직영,3,,0,36.00407534,129.3164555
경남 양산시,P301441,퍼스트텔레콤(2호점),경남 양산시 삼일로 90,3,태성,3,,0,35.34383606,129.0373042
부산 부산진구,P301547,굿모닝모바일2,부산 부산진구 엄광로124번길 21,3,에스엠,3,,0,35.14698298,129.0281005
경남 창녕군,P304981,꿀통신,경남 창녕군 남지읍 대신길 4,3,도매직영,3,,0,35.38883601,128.4737867
경북 예천군,P305257,예천중앙통신,경북 예천군 예천읍 효자로 47-1,3,뉴에이스,3,,0,36.655224,128.449368
경북 구미시,P306073,신세계아울렛,경북 구미시 고아읍 들성로11길 3,3,유모스트,3,,0,36.16183319,128.3483778
경북 구미시,P307095,JK통신,경북 구미시 인동26길 6,3,유안,3,,0,36.09615052,128.4286825
대구 동구,P307820,장군각산,대구 동구 경안로 776,3,태성,1,공감,2,35.8713974,128.714
경남 진주시,P309401,폰파는진주아저씨,경남 진주시 망경로 237,3,에스엠,1,서부모바일,2,35.18337961,128.0795232
부산 연제구,P310641,이루다 컴퍼니,부산 연제구 고분로 20,3,메타,2,수인,1,35.18561293,129.0844259
부산 북구,P311559,㈜동은디씨 웰빙,부산 북구 화명대로 34,3,태성,3,,0,35.23452158,129.0118916
부산 영도구,P312475,삼영통신,부산 영도구 남항로37번길 2,3,공감,3,,0,35.08887713,129.0405624
경남 진주시,P313075,개벽모바일,경남 진주시 진양호로 271,3,에스엠,3,,0,35.17796809,128.0634892
부산 남구,P313096,휴대폰놀이터(우암),부산 남구 우암로154번길 32,3,빅뱅,3,,0,35.1247683,129.0810178
부산 부산진구,P313497,부산-박하통신,부산 부산진구 동평로27번가길 13,3,수석_경상,3,,0,35.16461944,129.0314199
경남 창원시,P313745,박가통신_창원구암,경남 창원시 마산회원구 구암서6길 16,3,에스엠,3,,0,35.24843257,128.5920231
경남 진주시,P314525,옆커폰 초전점,경남 진주시 초북로 36,3,유모스트,3,,0,35.21191535,128.1117258
부산 수영구,P315984,BS모바일_망미,부산 수영구 과정로 40,3,수석_경상,2,도매직영,1,35.17489641,129.1078286
부산 연제구,P316378,드래곤모바일,부산 연제구 배산로 2,3,에스엠,3,,0,35.17435595,129.0924473
경북 영천시,P317059,꽁돈버는 머니폰,경북 영천시 강남길 23,3,뉴에이스,3,,0,35.96472655,128.936037
부산 영도구,P317944,AS통신,부산 영도구 남항로 27,3,유모스트,3,,0,35.08925685,129.0395312
경북 경주시,P318247,㈜폰탑 경주점,경북 경주시 광중길 6,3,유모스트,3,,0,35.87930352,129.225745
대구 북구,P318394,엠디복현,대구 북구 동북로 323,3,뉴에이스,3,,0,35.89143716,128.6250008
경북 경주시,P319226,DN통신,경북 경주시 중앙로48번길 7,3,유모스트,2,뉴에이스,1,35.8442711,129.2125727
부산 북구,P319565,(셀)휴대폰성지_화명2점,부산 북구 금곡대로 175,3,유모스트,1,수석_경상,2,35.22490144,129.0094765
경남 하동군,P319823,하동하이폰,경남 하동군 하동읍 시장1길 6,3,도매직영,3,,0,35.07033459,127.7485936
대구 달서구,P319960,삼익성서,대구 달서구 계대동문로 31,3,뉴에이스,3,,0,35.85575276,128.4958318
울산 남구,P321162,JP(제이피)통신,울산 남구 남중로 125,3,메타,3,,0,35.54570008,129.3481169
경남 창원시,P321338,㈜물과하늘,경남 창원시 진해구 용원로 59-1,3,도매직영,3,,0,35.09945667,128.8158121
경남 진주시,P322384,굿럭통신 칠암점,경남 진주시 진주대로 932,3,서부모바일,1,도매직영,2,35.18343286,128.0891184
경남 김해시,P323303,Happy폰카페,경남 김해시 가락로 274,3,뉴에이스,3,,0,35.24940456,128.8732124
경북 포항시,P323983,통신쟁이,경북 포항시 북구 두호로 36,3,서부모바일,3,,0,36.06039774,129.3746572
울산 울주군,P325278,케이에스정보통신,울산 울주군 언양읍 동문길 73,3,유모스트,3,,0,35.56488445,129.1249119
울산 중구,P325317,맥스모바일(반구점),울산 중구 반구정14길 21,3,유모스트,3,,0,35.55807594,129.3438971
경남 창녕군,P325687,억조창녕,경남 창녕군 창녕읍 명덕로 58,3,뉴에이스,3,,0,35.54265212,128.4956584
대구 북구,P325991,TOP텔레콤,대구 북구 팔달로 177,3,유모스트,3,,0,35.88879658,128.5695984
대구 달서구,P327136,엔통신 송현,대구 달서구 월배로 347,3,에스엠,3,,0,35.82631574,128.5473708
울산 울주군,P327307,정인시스템,울산 울주군 온양읍 남창강변로 72,3,메타,3,,0,35.41377204,129.2832098
부산 기장군,P330608,모든스마트폰,부산 기장군 정관읍 정관로 350,3,빅뱅,3,,0,35.33581448,129.1643702
대구 북구,P333398,폰프라자,대구 북구 한강로4길 11,3,에스엠,3,,0,35.89584167,128.5145282
경남 창원시,P335946,경남TGV,경남 창원시 마산합포구 해안대로 7,3,에스엠,2,도매직영,1,35.18079009,128.5597524
경북 영주시,P339892,중앙로모바일_풍기점,경북 영주시 풍기읍 기주로 94,3,뉴에이스,3,,0,36.87030433,128.5255155
부산 기장군,P340684,행복통신,부산 기장군 기장읍 차성로 432,3,도매직영,3,,0,35.25426094,129.2173252
울산 남구,P343211,폰플러스 1호,울산 남구 문수로344번길 1,3,유모스트,3,,0,35.5342037,129.2910938
경남 창원시,P343839,우정통신,경남 창원시 성산구 원이대로 587,3,유모스트,3,,0,35.228414,128.6794813
경북 포항시,P347247,정주통신,경북 포항시 북구 죽파로 40,3,태성,3,,0,36.02785458,129.3605382
경남 김해시,P352129,삼계텔레콤,경남 김해시 가야로157번길 2,3,수인,2,뉴에이스,1,35.2633529,128.8719725
경남 진주시,P352266,황금폰진주,경남 진주시 초전북로62번길 28,3,태성,1,도매직영,2,35.20616429,128.1144883
대구 동구,P353539,ST통신_방촌,대구 동구 화랑로80길 7,3,유모스트,3,,0,35.87560077,128.6686424
경북 상주시,P354460,한결통신,경북 상주시 삼백로 116-6,3,도매직영,3,,0,36.41831749,128.1560986
경북 안동시,P355986,LH안동,경북 안동시 옥서1길 73,3,태성,3,,0,36.56090082,128.6937123
울산 울주군,P356332,우텔레콤,울산 울주군 온양읍 연안4길 1,3,도매직영,3,,0,35.40931235,129.28264
부산 부산진구,P358266,에스제이(sj)통신,부산 부산진구 가야대로587번길 21,3,에스엠,3,,0,35.15584208,129.0355679
부산 수영구,P358683,이루다모바일,부산 수영구 과정로 37,3,유모스트,3,,0,35.1746674,129.1075196
울산 북구,P359976,더브이아이피_천곡점,울산 북구 천곡남로 13,3,에스엠,2,뉴에이스,1,35.62999655,129.3345149
경북 경주시,P362350,더블유엠케이,경북 경주시 다불로 17,3,유모스트,3,,0,35.87667372,129.2293404
경북 구미시,P362511,호야봉곡,경북 구미시 봉곡로 154,3,수인,1,태성,2,36.15242555,128.3109848
경남 창원시,P362582,고모바일,경남 창원시 마산합포구 해안대로 32,3,수인,3,,0,35.18028572,128.5622924
경북 청송군,P363773,시온통신,경북 청송군 진보면 진보로 133-1,3,도매직영,3,,0,36.52872359,129.046335
경남 창원시,P364260,준통신,경남 창원시 성산구 대암로 110,3,수인,3,,0,35.21540217,128.7081018
경북 경산시,P364369,단골통신,경북 경산시 압량읍 압독4로 12,3,도매직영,3,,0,35.84034538,128.7677281
경남 밀양시,P364508,명문통신,경남 밀양시 삼문중앙로 49,3,태성,3,,0,35.48586361,128.7569692
경남 창원시,P365378,세일모바일,경남 창원시 성산구 원이대로 656,3,에스엠,3,,0,35.22424599,128.685151
경북 영주시,P365784,중부이동통신,경북 영주시 구성로 345,3,뉴에이스,3,,0,36.82262655,128.6234991
경남 사천시,P366099,케이씨텔레콤,경남 사천시 사천읍 평화1길 52,3,에스엠,3,,0,35.08348229,128.088728
대구 달성군,P366110,통신 Mobile World(MW통신),대구 달성군 화원읍 비슬로 2725,3,에스엠,1,뉴에이스,2,35.81025323,128.5129288
경북 상주시,P366206,탑모바일,경북 상주시 상산로 359,3,뉴에이스,3,,0,36.42303343,128.1587527
부산 남구,P368270,월드모바일,부산 남구 석포로 75,3,유모스트,1,도매직영,2,35.12476583,129.0883992
경남 창원시,P369704,휴대폰월드,경남 창원시 성산구 대암로 36,3,빅뱅,2,에스엠,1,35.21392906,128.7004134
부산 북구,P370045,금강Telecom,부산 북구 만덕2로 35,3,유모스트,3,,0,35.2101675,129.0379809
경남 창원시,P370224,숨은창원,경남 창원시 의창구 봉곡로 118,3,에스엠,3,,0,35.24704236,128.6702029
경남 김해시,P370542,엠제이(MJ),경남 김해시 가야로 172,3,강산,3,,0,35.26227724,128.8715126
경남 양산시,P370689,153텔레콤_덕계점,경남 양산시 덕계로 56,3,빅뱅,3,,0,35.37303747,129.150161
경북 경산시,P370787,종합모바일,경북 경산시 원효로 17,3,도매직영,3,,0,35.82406128,128.7396464
경북 구미시,P372450,동네폰가게,경북 구미시 산동읍 신당3로 20,3,유모스트,1,태성,2,36.15829164,128.433039
경남 김해시,P372791,바로 모바일,경남 김해시 분성로 122,3,유모스트,3,,0,35.23024139,128.8603148
경남 김해시,P373121,진영일등통신,경남 김해시 진영읍 여래로 15,3,에스엠,3,,0,35.30485377,128.7349424
대구 북구,P374073,훈텔레콤,대구 북구 산격로6길 5,3,수인,3,,0,35.89271354,128.6058032
대구 달서구,P374086,정진통신,대구 달서구 계대동문로 29,3,마라톤,3,,0,35.85579287,128.4954255
경남 창원시,P376928,배티창원중동,경남 창원시 의창구 중동중앙로 47,3,에스엠,1,태성,2,35.25662601,128.6249983
부산 동래구,P376953,지디엠안락,부산 동래구 충렬대로 421,3,수인,1,태성,2,35.19679117,129.1043593
경북 안동시,P377070,오케이텔레콤,경북 안동시 경동로 665,3,도매직영,3,,0,36.56333067,128.7306426
경남 창원시,P377211,제이와이 모바일(JY),경남 창원시 마산합포구 합포로 243-1,3,태성,3,,0,35.21895229,128.5869046
부산 영도구,P377484,주식회사엘엔디컴퍼니영도지사,부산 영도구 동삼로 65,3,수인,3,,0,35.07918459,129.0701429
대구 동구,P378210,소망,대구 동구 반야월로28길 63,3,공감,3,,0,35.86983788,128.7036342
부산 북구,P378943,땅파서폰파는집_덕천점,부산 북구 덕천2길 11,3,도매직영,3,,0,35.20909716,129.0058869
경남 양산시,P379006,폰맥스,경남 양산시 서창로 183,3,유모스트,3,,0,35.41572092,129.171926
경남 함안군,P379283,정모바일,경남 함안군 가야읍 가야로 41-1,3,도매직영,3,,0,35.27764557,128.4058167
경북 구미시,P379730,한누리 상모점,경북 구미시 상사서로 55,3,유모스트,2,뉴에이스,1,36.08741791,128.3550409
부산 금정구,P379999,땅파서폰파는집,부산 금정구 서부로 24-1,3,유모스트,2,강산,1,35.21618841,129.1033455
울산 중구,P380046,민서텔레콤,울산 중구 종가1길 6,3,유모스트,2,골드스타,1,35.55971812,129.2937324
경남 창원시,P380836,스타텔레콤,경남 창원시 마산회원구 내서읍 삼계로 6,3,에스엠,3,,0,35.23226994,128.5040666
경남 창원시,P381072,제이디휴대폰아울렛,경남 창원시 성산구 마디미로10번길 10,3,뉴에이스,3,,0,35.22386749,128.6846838
부산 연제구,P381308,더블유W모바일,부산 연제구 연수로 222,3,에스엠,2,뉴에이스,1,35.17340114,129.0948674
울산 남구,P385375,울산 휴대폰성지 1번가,울산 남구 삼산로 69,3,유모스트,3,,0,35.53456359,129.3152721
부산 부산진구,P385810,에이치씨제이모바일,부산 부산진구 동평로 116,3,에스엠,3,,0,35.16585001,129.0422192
경북 구미시,P385947,인동휴대폰성지,경북 구미시 인동36길 30,3,수인,2,뉴에이스,1,36.09210105,128.4314801
부산 남구,P387318,가나모바일,부산 남구 용소로 26,3,유모스트,1,에스엠,2,35.13502401,129.1006266
부산 연제구,P389144,제로모바일,부산 연제구 연수로 100,3,유모스트,3,,0,35.17511323,129.0816178
경남 진주시,P400351,갤럭시,경남 진주시 진주대로 628,3,태성,1,도매직영,2,35.16265939,128.1066883
경남 창원시,P401749,디에이치 합성,경남 창원시 마산회원구 양덕북18길 3,3,에스엠,3,,0,35.23754583,128.5845094
경남 김해시,P404058,옆커폰김해연지공원,경남 김해시 금관대로 1377,3,에스엠,3,,0,35.24551991,128.8666831
부산 동래구,P412933,찌니폰,부산 동래구 중앙대로 1453,3,빅뱅,3,,0,35.21635106,129.0818439
대구 달서구,P413303,남매통신 2호점,대구 달서구 상인로 5,3,수인,3,,0,35.80873967,128.5514389
부산 사하구,P413463,주식회사 디엘유통 감천지점,부산 사하구 감천로 46,3,수인,3,,0,35.09065372,128.9975193
울산 북구,P431216,울산휴대폰성지여기다(화봉휴먼시아점),울산 북구 송정동,3,태성,3,,0,35.60381268,129.3644931
대구 동구,P450199,늘봄통신,대구 동구 반야월로 371,3,유모스트,3,,0,35.87193787,128.7293265
경북 의성군,P453310,강민정보통신,경북 의성군 의성읍 중앙길 77-1,3,뉴에이스,1,도매직영,2,36.35130506,128.6964658
울산 북구,P503377,울산북구휴대폰성지 폰통령,울산 북구 산업로 1627,3,유모스트,3,,0,35.65741026,129.3402943
경남 통영시,P508691,한국통신,경남 통영시 통영해안로 390,3,도매직영,3,,0,34.84448458,128.429963
대구 동구,P509160,신화텔레콤,대구 동구 아양로 183,3,에스엠,3,,0,35.88590421,128.6331561
경남 창원시,P510043,휴대폰성지 양덕점,경남 창원시 마산회원구 산호천동길 88,3,에스엠,3,,0,35.22939003,128.5830358
부산 중구,P511479,옆커폰부산남포,부산 중구 보수대로 18,3,유모스트,3,,0,35.09872879,129.0252597
경북 경산시,P513059,명품진량,경북 경산시 진량읍 공단로 475,3,유모스트,2,태성,1,35.87392327,128.8162197
경북 구미시,P516364,루프통신,경북 구미시 금오대로14길 13,3,수인,3,,0,36.07094675,128.3509343
경북 영천시,P530728,H.준베스트,경북 영천시 시장로 51,3,유모스트,2,뉴에이스,1,35.96358932,128.9358904
부산 사상구,P531436,유한회사 라인업글로벌,부산 사상구 운산로 49,3,유모스트,1,에스엠,2,35.16797856,128.9818715
경남 김해시,P532970,원조폰율하,경남 김해시 율하3로 109,3,에스엠,3,,0,35.17741537,128.8159926
부산 사상구,P548921,옆커폰성지 괘법점,부산 사상구 사상로 252,3,에스엠,3,,0,35.16728035,128.9823601
부산 연제구,P553253,폰할인점 연산,부산 연제구 연수로 146,3,태성,3,,0,35.1744284,129.0866827
경남 창녕군,P583345,옆커폰 창녕점,경남 창녕군 창녕읍 군청길 21,3,태성,3,,0,35.54203317,128.4924808
대구 달서구,P588810,한온통신,대구 달서구 두류공원로50길 110,3,에스엠,3,,0,35.857789,128.5645663
울산 중구,P603618,(셀)휴대폰성지_병영점,울산 중구 번영로 580,3,유모스트,1,수석_경상,2,35.56855086,129.34537
경북 포항시,P617158,핫폰 장성점,경북 포항시 북구 새천년대로 1273,3,뉴에이스,3,,0,36.07511156,129.3862445
울산 북구,P622259,휴대폰성지 동네폰 상안점,울산 북구 아진로 63,3,에이스,3,,0,35.62901064,129.3411685
경남 창원시,P624587,(셀)휴대폰성지_용원점,경남 창원시 진해구 신항5로 54,3,수석_경상,3,,0,35.08780529,128.8075038
대구 수성구,P630255,바이폰,대구 수성구 들안로73길 50-7,3,유모스트,3,,0,35.86266354,128.6166681
울산 남구,P631460,(셀)휴대폰성지-신정2점,울산 남구 신정2동,3,수석_경상,3,,0,35.53470914,129.3077901
대구 수성구,P645973,휴대폰파는총각 만촌삼정점,대구 수성구 교학로 65,3,수인,1,뉴에이스,2,35.8502079,128.6523837
부산 부산진구,P676078,휴대폰성지 폰싸다구 당감점,부산 부산진구 당감로 59,3,태성,3,,0,35.1668524,129.0386454
부산 남구,P676791,대연폰맛집,부산 남구 수영로 262,3,메타,3,,0,35.13533087,129.0953599
부산 금정구,P677457,은아정보통신,부산 금정구 중앙대로 2095,3,유모스트,3,,0,35.27141043,129.0924109
부산 부산진구,P679641,리빌드 컴퍼니,부산 부산진구 중앙대로 897,3,에스엠,3,,0,35.17064658,129.0690978
부산 부산진구,P688470,디와이 컴퍼니,부산 부산진구 중앙대로702번길 25,3,메타,3,,0,35.15551323,129.0605029
대구 달서구,P688708,휴대폰파는총각 성당점,대구 달서구 장기로 140,3,수인,1,뉴에이스,2,35.84373227,128.5451712
울산 남구,P697871,H.느루모바일3호,울산 남구 동산로 70,3,에스엠,3,,0,35.53577635,129.3032305
울산 남구,P698188,H.휴대폰아울렛_울산,울산 남구 도산로119번길 7,3,뉴에이스,3,,0,35.5309225,129.3272872
경남 창원시,P700548,(셀)휴대폰성지_장천점,경남 창원시 진해구 충장로657번길 28,3,수석_경상,3,,0,35.13055202,128.7065878
부산 중구,P702558,휴대폰성지,부산 중구 중구로33번길 31,3,강산,3,,0,35.1008526,129.0261975
경남 김해시,P704711,(주)휴대폰성지핸드폰성지아정당김해내외,경남 김해시 내외동,3,유모스트,3,,0,35.23521362,128.8646582
경남 창원시,P710501,창원 휴대폰성지 폰쥬르 창원남양점,경남 창원시 성산구 대암로 60,3,강산,1,뉴에이스,2,35.21460037,128.702946
경남 진주시,P724112,다쏜다 휴대폰성지 진주점,경남 진주시 진양호로 222,3,도매직영,3,,0,35.17385284,128.0610621
부산 강서구,P731515,재현통신,부산 강서구 명지국제8로 234,3,에스엠,3,,0,35.0979006,128.9183926
대구 수성구,P737068,휴대폰성지 최싸폰 매호점,대구 수성구 달구벌대로649길 14,3,에스엠,3,,0,35.84411061,128.7065951
경북 상주시,P754003,바이셀폰 상주점,경북 상주시 경상대로 3034,3,에스엠,3,,0,36.41785628,128.151466
경남 양산시,P763468,휴대폰성지 서창점,경남 양산시 삼호2길 48,3,수인,3,,0,35.41363218,129.1691883
부산 연제구,P765988,파라다이스텔레콤,부산 연제구 연안로13번길 17,3,도매직영,3,,0,35.18893623,129.1060995
대구 북구,P766827,휴대폰 성지 옆커폰 복현점,대구 북구 공항로 67,3,태성,3,,0,35.89932503,128.6224651
부산 동래구,P767776,폰슐랭 부산동래점,부산 동래구 충렬대로 180-10,3,에스엠,3,,0,35.20372026,129.0789599
경북 안동시,P777457,유정통신,경북 안동시 문화광장길 17,3,태성,3,,0,36.56398892,128.7302049
부산 부산진구,P791617,에스피엘 부전점,부산 부산진구 중앙대로755번길 16,3,수인,3,,0,35.16032326,129.0600908
경남 양산시,P792926,(셀)휴대폰성지_중부점,경남 양산시 양산역6길 3,3,수석_경상,3,,0,35.33779647,129.0265997
울산 남구,P806007,휴대폰성지(달동),울산 남구 삼산로241번길 35-1,3,에스엠,1,에이스,2,35.54441697,129.3318645
대구 북구,P809833,에스피컴퍼니,대구 북구 침산로 93,3,공감,3,,0,35.88522557,128.5897899
경북 칠곡군,P812094,폰즈포유,경북 칠곡군 약목면 약목로 94,3,유모스트,1,빅뱅,2,36.03466831,128.3655168
부산 수영구,P818564,쩨리,부산 수영구 광일로20번가길 28,3,에스엠,2,공감,1,35.16304038,129.1105826
부산 사하구,P820066,에이플모바일,부산 사하구 장림로 199,3,에스엠,3,,0,35.08289506,128.9720971
부산 부산진구,P826835,베토벤통신,부산 부산진구 대학로 16,3,유모스트,2,에스엠,1,35.15402423,129.0368016
부산 사상구,P854537,제이에이치모바일,부산 사상구 사상로 300,3,유모스트,1,도매직영,2,35.17163175,128.9836872
대구 달서구,P857945,옆커폰이곡,대구 달서구 계대동문로 123,3,태성,3,,0,35.85578072,128.5064521
경남 창원시,P860319,옆커폰마산양덕,경남 창원시 마산회원구 팔용로 1,3,유모스트,3,,0,35.23032691,128.5848367
부산 중구,P872326,케이에스 모바일,부산 중구 중구로 51,3,메타,2,수인,1,35.10241271,129.0277226
경남 창원시,P875448,트러스트 통신,경남 창원시 성산구 안민안길11번길 14,3,뉴에이스,3,,0,35.18698062,128.6898823
경북 칠곡군,P876368,연승,경북 칠곡군 석적읍 동중리1길 33,3,유모스트,3,,0,36.07745827,128.4142663
경남 사천시,P876744,휴대폰 성지 옆커폰 삼천포점,경남 사천시 주공로 12-1,3,에스엠,2,태성,1,34.93935373,128.0866949
경남 창원시,P886420,휴대폰성지(행운),경남 창원시 성산구 원이대로 678,3,공감,3,,0,35.22309703,128.6871951
대구 달서구,P891557,연우정보통신_대곡점,대구 달서구 도원로 29,3,수인,2,마라톤,1,35.80715643,128.5360311
대구 북구,P893817,도매폰,대구 북구 대현남로6길 20,3,에스엠,3,,0,35.88042801,128.6085396
대구 달성군,P901637,옆커폰화원,대구 달성군 화원읍 비슬로 2578,3,태성,3,,0,35.803377,128.4988085
대구 달서구,P902035,휴대폰파는총각 진천점,대구 달서구 월배로11길 2,3,수인,3,,0,35.8141399,128.5207939
부산 수영구,P911136,허니모바일,부산 수영구 망미배산로10번길 22,3,태성,3,,0,35.17497804,129.1069645
대구 수성구,P911947,옆커폰수성,대구 수성구 달구벌대로 2544,3,에스엠,2,태성,1,35.85857987,128.6408895
경남 창원시,P913276,365폰마트,경남 창원시 마산회원구 3·15대로 688,3,유모스트,3,,0,35.23398554,128.5795162
대구 달성군,P914406,알뜰모바일 테크노점,대구 달성군 현풍읍 테크노상업로 40,3,에스엠,3,,0,35.6922645,128.4543193
울산 중구,P923917,울산 휴대폰성지,울산 중구 구교로 265,3,유모스트,3,,0,35.56795805,129.3429992
경남 창원시,P925269,휴대폰성지 명수폰,경남 창원시 성산구 동산로73번길 11,3,에스엠,3,,0,35.21728803,128.6849384
경남 진주시,P926585,럭키에스,경남 진주시 진주대로 853,3,에스엠,2,서부모바일,1,35.17669564,128.0918998
경남 밀양시,P931243,우성천하통신,경남 밀양시 중앙로 387,3,에스엠,3,,0,35.49584629,128.7505945
경북 칠곡군,P955226,폰팡팡 공짜팡팡,경북 칠곡군 북삼읍 금오대로10길 35,3,유모스트,3,,0,36.06862383,128.3517765
부산 사하구,P955913,짱통신,부산 사하구 다대로 585,3,빅뱅,3,,0,35.0543066,128.9708608
경남 양산시,P962302,호야네폰가게,경남 양산시 덕계로 88-1,3,유모스트,3,,0,35.37527331,129.1524533
대구 수성구,P962406,천국황금,대구 수성구 동대구로 104,3,수인,3,,0,35.839538,128.624678
대구 수성구,P962537,대박지산,대구 수성구 지범로 200,3,수인,3,,0,35.820183,128.6406045
대구 달서구,P965579,도라통신,대구 달서구 월성로 20,3,유모스트,3,,0,35.83158898,128.5331529
부산 사상구,P968936,주식회사 열차폰 사상점,부산 사상구 사상로 251,3,태성,3,,0,35.16722647,128.982007
경북 경주시,P973378,더리치 알뜰통신전문,경북 경주시 충효1길 23,3,공감,3,,0,35.84162263,129.1904316
대구 수성구,P990377,(셀)휴대폰성지_수성점,대구 수성구 달구벌대로 3074-1,3,유모스트,3,,0,35.84268096,128.6932855
울산 울주군,P032137,울산-한성텔레콤,울산 울주군 언양읍 헌양길 58,2,유모스트,1,수석_경상,1,35.56532077,129.1239966
대구 군위군,P051198,미래정보통신,대구 군위군 의흥면 읍내2길 67-13,2,서부모바일,2,,0,36.179943,128.7204861
경남 창원시,P076605,봉봉모바일(도계점),경남 창원시 의창구 원이대로81번길 6,2,수인,1,태성,1,35.25568141,128.636707
부산 수영구,P082641,케이씨컴퍼니 남천점,부산 수영구 수영로 412,2,에스엠,2,,0,35.14268121,129.1089506
경북 경산시,P100874,윤슬통신,경북 경산시 경산로7길 4-3,2,유모스트,2,,0,35.81307797,128.7320841
경북 포항시,P102130,행복정보통신,경북 포항시 남구 연일읍 연일로 123,2,유모스트,2,,0,35.9994731,129.3449507
경남 김해시,P102160,다운폰 율하점,경남 김해시 율하2로 114,2,유모스트,2,,0,35.1695919,128.8134089
부산 강서구,P108122,디에이치 컴퍼니,부산 강서구 과학산단2로20번길 44,2,유모스트,1,에스엠,1,35.15052493,128.8354193
부산 사하구,P112005,휴대폰대란 설탕텔레콤 부산사하,부산 사하구 낙동대로 322-1,2,강산,2,,0,35.1002711,128.9819931
경남 양산시,P113221,SS모바일,경남 양산시 상북면 상북중앙로 368,2,에스엠,2,,0,35.41609866,129.0616727
부산 북구,P118469,제이엠컴퍼니,부산 북구 만덕대로78번길 28,2,메타,2,,0,35.21086773,129.0136496
대구 달서구,P124590,휴대폰성지 옆커폰도원점,대구 달서구 한실로 99,2,태성,2,,0,35.80695665,128.5375457
대구 북구,P124689,옆커폰3지구점,대구 북구 동천동,2,태성,2,,0,35.93724756,128.5581677
경북 경산시,P127477,통신골목1st신대점,경북 경산시 압량읍 압독3로 30,2,태성,2,,0,35.84179001,128.7649546
경북 포항시,P128855,해솔,경북 포항시 남구 오천읍 원동로 4,2,태성,2,,0,35.96344573,129.4032434
경북 포항시,P131132,미달통신,경북 포항시 북구 죽도시장10길 19,2,도매직영,2,,0,36.03343252,129.3682889
경남 거제시,P131452,민이폰,경남 거제시 거제중앙로3길 9,2,에스엠,2,,0,34.87648552,128.6286631
부산 기장군,P135026,휴대폰성지 폰판다,부산 기장군 정관읍 정관7로 3,2,유모스트,2,,0,35.32239475,129.1759468
경남 김해시,P143051,휴대폰백화점_진영점,경남 김해시 진영읍 장등로19번길 41,2,에스엠,2,,0,35.30831845,128.7302749
대구 중구,P148068,반반통신,대구 중구 태평로 50,2,수인,2,,0,35.872585,128.5857181
경북 영천시,P150938,(셀)휴대폰성지_영천점,경북 영천시 시장로 106,2,유모스트,2,,0,35.96340057,128.9418711
울산 남구,P154759,휴대폰 성지 올웨이즈,울산 남구 대암로 69,2,에스엠,1,공감,1,35.54280481,129.3143097
경북 포항시,P158889,휴대폰성지 핫폰 초곡점,경북 포항시 북구 흥해읍 초곡지구로 80,2,뉴에이스,2,,0,36.10712977,129.3417215
부산 사상구,P160289,퀸폰,부산 사상구 모라로110번길 5,2,수인,2,,0,35.18572938,128.9918741
부산 남구,P161928,엔에스네트워크,부산 남구 고동골로 68,2,강산,2,,0,35.14314565,129.0713248
대구 달성군,P165116,다쏜다 휴대폰성지 참좋은통신점,대구 달성군 현풍읍 현풍로 34,2,강산,2,,0,35.69524683,128.4431168
대구 북구,P166613,도_하빈통신,대구 북구 침산로 93,2,유모스트,2,,0,35.88522557,128.5897899
부산 해운대구,P167742,(셀)휴대폰성지_센텀점_센텀점,부산 해운대구 센텀중앙로 145,2,유모스트,1,수석_경상,1,35.17675704,129.1235919
울산 동구,P172129,조은텔레콤,울산 동구 대송1길 27,2,메타,2,,0,35.49971237,129.4196741
경북 경산시,P172275,미래정보통신,경북 경산시 경산로 157,2,에스엠,2,,0,35.82229479,128.7273535
부산 동래구,P172516,월드텔레콤,부산 동래구 안남로 35,2,도매직영,2,,0,35.19452654,129.096166
대구 북구,P172625,대경대현,대구 북구 대현로 93-1,2,뉴에이스,2,,0,35.88269964,128.6094377
부산 금정구,P172933,남산와우,부산 금정구 팔송로 21,2,유모스트,2,,0,35.27203775,129.0900275
울산 울주군,P173102,현영텔레콤(분점),울산 울주군 범서읍 구영로 138,2,유모스트,2,,0,35.57051537,129.2429206
부산 중구,P179352,우영전화사,부산 중구 부평동3가,2,도매직영,2,,0,35.102058,129.025075
부산 동래구,P179809,휴대폰 구조대,부산 동래구 충렬대로 173,2,강산,2,,0,35.20413208,129.0791544
대구 수성구,P190996,히트,대구 수성구 고산로 121,2,에스엠,2,,0,35.84151023,128.704957
경남 창원시,P193802,박가통신_창원봉곡,경남 창원시 의창구 봉곡로111번길 9-3,2,에스엠,2,,0,35.24741562,128.6712746
울산 남구,P203175,제이에스텔레콤,울산 남구 번영로 109,2,에스엠,1,에이스,1,35.53510683,129.3285248
부산 동래구,P213553,공짜텔레콤,부산 동래구 사직북로 49,2,도매직영,2,,0,35.19961246,129.0588667
부산 남구,P214100,해피텔레콤,부산 남구 못골로 95-1,2,태성,2,,0,35.13578122,129.0929022
경남 진주시,P215418,(셀)휴대폰성지_가호통신본점,경남 진주시 가호로 45,2,수석_경상,2,,0,35.16395788,128.1112386
대구 달서구,P217983,옆커폰용산,대구 달서구 성지로 90,2,태성,1,골드스타,1,35.85724586,128.5213292
부산 영도구,P218547,주식회사폰탑 영도점,부산 영도구 동삼로 56,2,유모스트,2,,0,35.07840832,129.0707917
경남 진주시,P219315,진이텔레콤,경남 진주시 도동로 245,2,도매직영,2,,0,35.19230899,128.1217158
경남 김해시,P219394,달달한 폰가게 내외점,경남 김해시 함박로 102,2,공감,2,,0,35.23210537,128.8645326
대구 달서구,P219669,옆커폰진천,대구 달서구 조암남로 147,2,태성,2,,0,35.81694724,128.5182815
대구 중구,P220522,보물섬통골,대구 중구 동성로1길 49,2,유모스트,2,,0,35.86596889,128.5961814
대구 수성구,P221595,하니통신,대구 수성구 청호로 433,2,수인,2,,0,35.85807672,128.641256
부산 남구,P222255,제로텔레콤,부산 남구 용호로 198,2,도매직영,2,,0,35.11462669,129.1108188
경남 김해시,P230694,율김해,경남 김해시 진영읍 장등로6번길 75,2,태성,1,뉴에이스,1,35.24218484,128.8685656
경남 산청군,P235295,폰가게,경남 산청군 시천면 남명로 203,2,에스엠,1,강산,1,35.27735511,127.8388844
경북 경주시,P236061,휴대폰백화점외동,경북 경주시 외동읍 입실로 70,2,유모스트,2,,0,35.71468264,129.3245416
경남 김해시,P237462,행복텔레콤,경남 김해시 함박로 10,2,에스엠,2,,0,35.23367426,128.8552741
경남 통영시,P240659,큰말통신,경남 통영시 중앙로 295,2,도매직영,2,,0,34.85650353,128.42819
경남 창원시,P241431,폰아라,경남 창원시 의창구 원이대로55번길 21-4,2,에스엠,2,,0,35.25861678,128.6363603
울산 울주군,P241496,jjclub통신,울산 울주군 청량읍 덕하로 246,2,유모스트,2,,0,35.49267439,129.3054749
경남 김해시,P241524,파스텔통신,경남 김해시 율하2로 62-1,2,강산,2,,0,35.17230757,128.8087523
대구 수성구,P241588,세화통신(만촌점),대구 수성구 화랑로 74,2,공감,2,,0,35.87158162,128.6350181
경남 창원시,P241605,폰짱,경남 창원시 진해구 벚꽃로 63,2,도매직영,2,,0,35.15152708,128.6629859
울산 중구,P241681,메가폰 복산점,울산 중구 도화골길 23,2,에스엠,1,에이스,1,35.5666999,129.331391
경남 사천시,P241939,세영텔레콤,경남 사천시 주공로 39,2,도매직영,2,,0,34.94181557,128.0864804
대구 서구,P243639,대신큰장,대구 서구 국채보상로 420,2,태성,2,,0,35.87145158,128.5767833
경북 구미시,P244843,코리아통신,경북 구미시 봉곡남로 77,2,태성,2,,0,36.14900231,128.3110014
경남 양산시,P245551,남부정보통신,경남 양산시 중앙로 128,2,에스엠,2,,0,35.30977268,129.0067605
경남 김해시,P245963,장유텔레콤,경남 김해시 번화1로76번길 15,2,에스엠,1,뉴에이스,1,35.19471151,128.8012204
경남 거제시,P249716,중앙이동통신,경남 거제시 옥포로 215,2,유모스트,2,,0,34.89396379,128.6904985
경남 창원시,P251270,떼제베정보통신,경남 창원시 마산합포구 3·15대로 255,2,에스엠,2,,0,35.20098067,128.567131
대구 남구,P252747,패밀리텔레콤(대명),대구 남구 중앙대로42길 25,2,수인,2,,0,35.85169272,128.5922271
대구 달성군,P252929,오대양통신,대구 달성군 다사읍 서재로 110,2,유안,2,,0,35.87328676,128.4977759
대구 달서구,P254643,CP텔레콤_월성,대구 달서구 월성로 20,2,수인,2,,0,35.83158898,128.5331529
부산 사하구,P254707,새화텔레콤,부산 사하구 낙동대로 390,2,유모스트,2,,0,35.10318716,128.9755125
경남 창원시,P254723,나은텔레콤,경남 창원시 진해구 냉천로 50,2,도매직영,2,,0,35.15137289,128.7029363
부산 남구,P254854,정원텔레콤,부산 남구 고동골로 65,2,도매직영,2,,0,35.142922,129.071122
경남 거창군,P255388,휴대폰세상,경남 거창군 거창읍 아림로 36-1,2,유모스트,2,,0,35.68654894,127.9105231
경남 창원시,P255414,축복텔레콤,경남 창원시 의창구 지귀로 8,2,에스엠,2,,0,35.24422202,128.6490845
경북 구미시,P256735,퍼스트통신_구미,경북 구미시 형곡서로 73,2,유모스트,2,,0,36.10871794,128.3344725
부산 해운대구,P256987,송정텔레콤,부산 해운대구 송정중앙로 15-1,2,에스엠,1,도매직영,1,35.18330892,129.20274
부산 동래구,P257768,은하모바일,부산 동래구 여고로 67,2,도매직영,2,,0,35.19643683,129.0710402
경북 예천군,P258009,휴대폰싸게사는집_예천,경북 예천군 예천읍 중앙로 42,2,뉴에이스,2,,0,36.65541283,128.4554217
대구 서구,P258205,히야통신,대구 서구 큰장로 111,2,에스엠,2,,0,35.86851799,128.5778672
경북 구미시,P259743,STC봉곡,경북 구미시 봉곡남로 65,2,수인,2,,0,36.14920727,128.3096225
부산 사하구,P259825,미래텔레콤(신평),부산 사하구 다대로 136,2,도매직영,2,,0,35.09044028,128.9776157
경남 양산시,P261815,행복통도사,경남 양산시 하북면 신평3길 8,2,빅뱅,2,,0,35.493121,129.083056
울산 울주군,P264811,덕하정보,울산 울주군 청량읍 덕하로 234,2,에스엠,2,,0,35.49172281,129.3051336
경북 경산시,P266355,휴대폰성지 최싸폰 중산점,경북 경산시 경산로 263,2,에스엠,2,,0,35.83143168,128.7229437
경북 경주시,P266701,에스엔아이통신,경북 경주시 감포읍 감포로6길 1,2,뉴에이스,2,,0,35.80401964,129.502843
경남 사천시,P269653,패밀리통신,경남 사천시 사천읍 평화2길 42,2,도매직영,2,,0,35.08268513,128.0880793
경북 구미시,P269978,진선인,경북 구미시 인동36길 6,2,태성,2,,0,36.09405819,128.4323947
대구 북구,P270919,J원모바일,대구 북구 산격로 57,2,에스엠,2,,0,35.89561143,128.6050615
경남 창원시,P271204,마산탑모바일,경남 창원시 마산합포구 중앙북1길 3,2,에스엠,2,,0,35.19758214,128.567385
부산 동래구,P272486,반도모바일,부산 동래구 아시아드대로228번길 8,2,공감,2,,0,35.20387224,129.0675413
대구 수성구,P272717,쿨정보지산,대구 수성구 지범로31길 5,2,수인,2,,0,35.82260899,128.6388332
울산 울주군,P273201,진텔레콤,울산 울주군 범서읍 천상4길 14,2,도매직영,2,,0,35.56281409,129.2261505
부산 부산진구,P276136,우성텔레콤,부산 부산진구 새싹로 243,2,에스엠,2,,0,35.17773479,129.0479355
부산 연제구,P276269,착한가게,부산 연제구 과정로 324,2,도매직영,2,,0,35.18971203,129.0923857
부산 기장군,P276477,휴대폰백화점,부산 기장군 기장읍 차성동로 114,2,유모스트,2,,0,35.24789349,129.2170526
경남 통영시,P276879,정성텔레콤,경남 통영시 광도면 죽림2로 76-15,2,에스엠,2,,0,34.87900521,128.4210648
부산 동래구,P278906,대인배모바일,부산 동래구 사직북로19번길 41,2,빅뱅,1,에스엠,1,35.19692097,129.0584217
부산 부산진구,P279762,레드텔,부산 부산진구 백양대로300번길 20,2,메타,2,,0,35.15504811,129.019243
울산 남구,P280508,야후통신,울산 남구 삼호로 77,2,유모스트,2,,0,35.54951406,129.2726636
경남 창원시,P281150,포유텔레콤 자은점,경남 창원시 진해구 냉천로 84,2,도매직영,2,,0,35.15269052,128.7063726
부산 기장군,P282339,미래텔레콤,부산 기장군 기장읍 차성동로 103,2,도매직영,2,,0,35.24701022,129.2166981
부산 강서구,P282810,HP텔레콤,부산 강서구 명지오션시티4로 61,2,유모스트,2,,0,35.08353425,128.9039423
경북 영주시,P283018,영주 폰스토리,경북 영주시 번영로 146,2,뉴에이스,2,,0,36.82430665,128.6257876
부산 동래구,P283426,예진텔레콤,부산 동래구 금강공원로 23,2,도매직영,2,,0,35.21885032,129.0818798
경북 칠곡군,P284845,애니콜통신,경북 칠곡군 약목면 약목로 91-1,2,유모스트,2,,0,36.03456363,128.3650939
경북 경산시,P285789,(주)훈정보통신,경북 경산시 원효로32길 4,2,도매직영,2,,0,35.82037547,128.7537386
경북 경산시,P288162,트윈모바일,경북 경산시 진량읍 선항1길 13,2,에스엠,2,,0,35.87557223,128.8048862
경남 창원시,P289351,봄비텔레콤,경남 창원시 마산회원구 양덕로 129-1,2,에스엠,2,,0,35.23017795,128.5843675
대구 서구,P289355,소리통신,대구 서구 달구벌대로329길 91,2,공감,2,,0,35.85760236,128.5444702
경남 거제시,P291707,ECO PHON(에코폰),경남 거제시 장평로 18,2,에스엠,2,,0,34.89131208,128.615267
대구 달서구,P291944,자유통신,대구 달서구 달구벌대로 1726-8,2,유모스트,2,,0,35.85613623,128.5543392
부산 금정구,P292232,비파나무통신,부산 금정구 금사로 78,2,도매직영,2,,0,35.2197256,129.1114638
경남 양산시,P292660,예쓰비온디,경남 양산시 평산로 34,2,에스엠,2,,0,35.38183026,129.151337
경남 거제시,P293020,주식회가 씨에이치,경남 거제시 해명로 24,2,태성,2,,0,34.89459898,128.6429836
대구 달서구,P293184,대모상인,대구 달서구 상원로 20,2,태성,2,,0,35.81174195,128.536534
부산 남구,P293242,부산정보 연산점,부산 남구 동명로152번길 93,2,도매직영,2,,0,35.114912,129.1127729
대구 달서구,P293405,이편한대곡,대구 달서구 비슬로 2710,2,에스엠,2,,0,35.80868879,128.5118778
대구 남구,P293479,영애종합정보,대구 남구 성당로 182-2,2,마라톤,2,,0,35.84960545,128.5715421
경남 김해시,P293621,제이에스_김해,경남 김해시 칠산로 128,2,빅뱅,2,,0,35.18384795,128.8363814
부산 남구,P295999,솔티휴대폰할인마트,부산 남구 황령대로319번가길 190-6,2,도매직영,2,,0,35.15109408,129.0890064
부산 사상구,P296265,제이알(JR)텔레콤,부산 사상구 백양대로 712,2,에스엠,2,,0,35.17044887,128.9886812
경남 산청군,P296392,최강통신,경남 산청군 신안면 원지로 4,2,에스엠,1,서부모바일,1,35.30328627,127.9724368
부산 부산진구,P297011,에스엠정보,부산 부산진구 대학로 23-1,2,유모스트,2,,0,35.15326717,129.0366136
부산 연제구,P297014,휴대폰마트,부산 연제구 배산로 16,2,메타,1,도매직영,1,35.17423058,129.0939287
대구 서구,P297595,BK통신,대구 서구 문화로 166,2,유모스트,2,,0,35.875046,128.550729
경남 창원시,P297662,폰월드창원,경남 창원시 의창구 도계로 171,2,에스엠,2,,0,35.25133564,128.6405185
대구 북구,P297694,폰&케이스,대구 북구 대학로 141-1,2,수인,2,,0,35.89669119,128.6136321
경북 경산시,P298291,고려진량,경북 경산시 진량읍 공단로 587,2,도매직영,2,,0,35.88391199,128.8176179
경북 안동시,P298353,더(THE)최고야 텔레콤,경북 안동시 경동로 840-1,2,뉴에이스,2,,0,36.56075674,128.7486178
경북 구미시,P298670,대박통신(선산),경북 구미시 선산읍 남문로 43-1,2,유모스트,2,,0,36.24155442,128.3012251
대구 달성군,P298885,블루스카이다사,대구 달성군 다사읍 대실역북로1길 5-1,2,뉴에이스,1,공감,1,35.85830617,128.4661643
울산 남구,P298954,동서텔레콤,울산 남구 대암로 10,2,유모스트,2,,0,35.53032161,129.3170473
부산 부산진구,P299086,칠구텔레콤,부산 부산진구 양지로 13,2,에스엠,2,,0,35.16925682,129.0699045
부산 서구,P299217,동아텔레콤,부산 서구 충무대로 155,2,도매직영,2,,0,35.084478,129.02454
부산 동래구,P299506,119_1호,부산 동래구 명장로 124,2,태성,2,,0,35.20057263,129.1117546
울산 동구,P299914,편한텔레콤,울산 동구 미포1길 10,2,도매직영,2,,0,35.5398828,129.4276338
부산 부산진구,P300134,연지IMT,부산 부산진구 새싹로 162,2,에스엠,2,,0,35.17056233,129.0501039
경북 김천시,P300388,휴모바일,경북 김천시 시청로 117-1,2,도매직영,2,,0,36.1389542,128.1172142
대구 달성군,P300390,팔강정보통신,대구 달성군 화원읍 성화로4길 6,2,뉴에이스,2,,0,35.80112441,128.4913633
울산 북구,P302346,착한휴대폰,울산 북구 달천로 22,2,에스엠,2,,0,35.63411193,129.3329609
대구 달성군,P302922,CK모바일,대구 달성군 현풍면 테크노상업로 40,2,수인,2,,0,35.6922645,128.4543193
경북 경산시,P304453,꿀통신,경북 경산시 대학로12길 6,2,유안,2,,0,35.83308457,128.7288317
부산 해운대구,P305292,월드텔레콤(해운대점),부산 해운대구 해운대해변로 365,2,에스엠,1,도매직영,1,35.16467286,129.1689807
경북 청도군,P305876,태산텔레콤,경북 청도군 청도읍 청화로 200-1,2,도매직영,2,,0,35.6410131,128.7458472
부산 서구,P306559,땅파서폰파는집 충무점,부산 서구 구덕로 117,2,유모스트,2,,0,35.09640658,129.0232021
경북 구미시,P307212,1번지통신,경북 구미시 인동30길 2,2,태성,2,,0,36.09521142,128.4298936
부산 중구,P307602,뽀너스통신,부산 중구 대청로 146,2,도매직영,2,,0,35.10276319,129.035833
경북 청송군,P308226,남자통신,경북 청송군 현서면 구산북로 72,2,뉴에이스,2,,0,36.27659978,128.8967076
대구 달성군,P309641,꿀통신,대구 달성군 구지면 과학마을로 42,2,에스엠,2,,0,35.65555071,128.4179892
부산 서구,P309644,우리동네 폰가게,부산 서구 해돋이로 275,2,수인,2,,0,35.10093694,129.0164454
부산 기장군,P309929,율 모바일,부산 기장군 장안읍 해맞이로 388,2,도매직영,2,,0,35.32726132,129.278843
경북 경주시,P309939,한누리통신,경북 경주시 원효로 99,2,유모스트,2,,0,35.84210276,129.2118226
대구 동구,P310581,호경플러스,대구 동구 팔공로 134,2,에스엠,1,태성,1,35.91071226,128.641249
경남 창원시,P310754,하람5호,경남 창원시 성산구 외동반림로74번길 42,2,에스엠,2,,0,35.22404833,128.6769518
울산 울주군,P311756,㈜더브이아이피 구영지점,울산 울주군 범서읍 구영로 124,2,에스엠,2,,0,35.57167854,129.2422346
부산 동래구,P312017,주은텔레콤,부산 동래구 명륜로 113,2,강산,1,도매직영,1,35.20388397,129.0826729
경북 구미시,P312021,핫통신옥계,경북 구미시 옥계북로 39,2,태성,2,,0,36.13846177,128.4218489
경남 진주시,P312546,다온모바일,경남 진주시 가호로 35,2,에스엠,2,,0,35.16372814,128.1100587
경북 김천시,P312688,착한통신(김천),경북 김천시 양금로 261-1,2,수인,2,,0,36.11753979,128.1240644
경북 문경시,P312748,블루모바일,경북 문경시 중앙로 132,2,공감,2,,0,36.59656276,128.2005114
울산 중구,P313157,중구통신,울산 중구 학성로 82,2,유모스트,2,,0,35.55489746,129.3200339
경남 양산시,P314880,마징가몰로즈,경남 양산시 일동3길 2,2,에스엠,2,,0,35.34332937,129.0380781
부산 연제구,P315374,정남텔레콤 토곡점,부산 연제구 과정로 144,2,도매직영,2,,0,35.18423881,129.1074406
대구 남구,P318586,거미모바일,대구 남구 대봉로 73,2,유모스트,2,,0,35.84533576,128.6038464
경북 상주시,P318682,조이모바일,경북 상주시 삼백로 131,2,뉴에이스,1,도매직영,1,36.41872473,128.1580489
경북 경주시,P319022,입실통신,경북 경주시 외동읍 입실로 80,2,태성,1,뉴에이스,1,35.71550786,129.324236
대구 남구,P321117,으뜸통신 안지랑점,대구 남구 대명로36길 2,2,뉴에이스,2,,0,35.83872423,128.5766399
울산 울주군,P321279,부원통신,울산 울주군 온산읍 덕신로 251,2,도매직영,2,,0,35.43376626,129.3088861
경북 포항시,P321401,퍼스트효자점,경북 포항시 남구 효성로 28,2,수인,2,,0,36.00617081,129.336841
경북 성주군,P322134,백억통신_성주,경북 성주군 성주읍 성주로 3269,2,공감,2,,0,35.91797553,128.2914623
대구 달성군,P323055,유안통신,대구 달성군 옥포면 돌미로 65,2,뉴에이스,2,,0,35.78066677,128.4409297
부산 북구,P323676,채연시원텔(금곡점),부산 북구 효열로 222,2,태성,2,,0,35.26363523,129.0196731
경북 영천시,P325385,다다텔레콤,경북 영천시 시장로 54,2,수인,2,,0,35.96323194,128.9361089
부산 남구,P326757,만세통신 W스퀘어점,부산 남구 분포로 145,2,메타,2,,0,35.13422946,129.1112168
부산 연제구,P327398,팡콩연산,부산 연제구 과정로 309,2,수인,2,,0,35.1887971,129.0935056
경북 김천시,P328167,풀통신,경북 김천시 자산로 52-1,2,도매직영,2,,0,36.11971185,128.1260808
경북 상주시,P329024,폰마트상주,경북 상주시 중앙로 129,2,뉴에이스,2,,0,36.41592094,128.1524759
대구 남구,P331162,뉴클리어,대구 남구 대봉로 42,2,수인,2,,0,35.84250827,128.6044038
대구 달서구,P331304,제이제이용산,대구 달서구 용산로 229,2,태성,2,,0,35.85807562,128.530355
경남 진주시,P332289,갤럭시SM_진주,경남 진주시 진주대로 518,2,태성,2,,0,35.15296027,128.1061178
경남 창원시,P332884,창원중고폰,경남 창원시 성산구 용지로 64,2,에스엠,2,,0,35.22168087,128.6760246
부산 동구,P332964,에스제이초량,부산 동구 중앙대로 183,2,에스엠,2,,0,35.11371338,129.0386825
대구 달서구,P333400,휴대폰명가,대구 달서구 장기로 291,2,유모스트,2,,0,35.84341764,128.5284705
부산 금정구,P333763,라온텔레콤,부산 금정구 금정로68번길 41,2,메타,2,,0,35.23041602,129.0888087
경남 합천군,P334695,꽃돼지통신,경남 합천군 초계면 초계중앙로 35,2,서부모바일,2,,0,35.55922146,128.2638508
경북 청도군,P334734,박군통신,경북 청도군 청도읍 청화로 154,2,에스엠,2,,0,35.64369375,128.7426442
경남 합천군,P335568,모듬통신,경남 합천군 합천읍 동서로 67,2,뉴에이스,1,도매직영,1,35.56726958,128.1597071
경북 영덕군,P335772,폰365통신,경북 영덕군 영덕읍 덕곡길 103,2,도매직영,2,,0,36.41208997,129.3680497
부산 동래구,P340041,후니부산,부산 동래구 반송로339번길 8,2,도매직영,2,,0,35.20977951,129.1033943
경남 양산시,P340445,아름통신,경남 양산시 덕계로 49,2,유모스트,2,,0,35.37267739,129.1493913
경남 고성군,P343416,현대CCTV,경남 고성군 고성읍 중앙로 14,2,유모스트,2,,0,34.97441198,128.3217666
울산 중구,P343429,스마일텔레콤,울산 중구 학성로 84-1,2,에스엠,2,,0,35.55495483,129.3202362
부산 연제구,P344463,부산-아재통신,부산 연제구 연수로 144,2,도매직영,2,,0,35.17442229,129.0864412
대구 동구,P346138,비비율하,대구 동구 안심로22길 10,2,뉴에이스,2,,0,35.86643223,128.6960906
부산 동래구,P348629,봉봉텔레콤,부산 동래구 온천천로339번길 51,2,유모스트,2,,0,35.19659785,129.0907614
경북 상주시,P352380,휴대폰랜드,경북 상주시 상서문2길 113,2,도매직영,2,,0,36.41298767,128.1578824
경북 영덕군,P352911,지니폰케이스,경북 영덕군 영덕읍 중앙길 103-1,2,도매직영,2,,0,36.4109884,129.3686389
부산 동래구,P353402,빌리브 모바일,부산 동래구 사직북로33번길 31,2,도매직영,2,,0,35.19840108,129.0582333
부산 사상구,P353478,행복 휴대폰 마트,부산 사상구 낙동대로1210번길 93,2,도매직영,2,,0,35.1671956,128.9818891
경남 거제시,P355470,에스엠옥포,경남 거제시 옥포대첩로 52,2,에스엠,2,,0,34.89375002,128.6933136
경북 구미시,P355984,휴대폰1번지,경북 구미시 상사서로 81,2,유모스트,2,,0,36.08980828,128.3549609
대구 달서구,P356345,진(JIN)텔레콤,대구 달서구 계대동문로4길 72,2,에스엠,2,,0,35.85227137,128.4939077
부산 서구,P356760,주식회사 폰탑,부산 서구 구덕로321번길 78-1,2,유모스트,2,,0,35.11121812,129.0126614
대구 동구,P357163,알통신1호,대구 동구 대현로 134,2,에스엠,2,,0,35.88125274,128.6134556
부산 서구,P357821,예준파파의휴대폰,부산 서구 구덕로 220,2,도매직영,2,,0,35.10417135,129.0202877
경남 고성군,P358130,휴대폰아울렛,경남 고성군 고성읍 송학로 151,2,도매직영,2,,0,34.97792102,128.326041
대구 달서구,P358637,엔젤월배,대구 달서구 상원로 100,2,유모스트,2,,0,35.81784835,128.5324849
대구 북구,P358842,네오커뮤니케이션,대구 북구 매전로4길 31,2,태성,2,,0,35.90596173,128.5440034
경남 거제시,P358957,멀티샵,경남 거제시 장평로8길 16,2,유모스트,2,,0,34.89213568,128.6108315
울산 울주군,P359630,현대울산온산,울산 울주군 온산읍 신온7길 81,2,태성,1,도매직영,1,35.42912307,129.3091511
부산 남구,P359780,플러스텔레콤,부산 남구 진남로 10,2,유모스트,1,강산,1,35.13580078,129.0919889
경남 고성군,P360339,폰친구,경남 고성군 고성읍 성내로 56,2,뉴에이스,2,,0,34.97634811,128.3155813
경남 사천시,P360982,사천대박통신,경남 사천시 사천읍 옥산로 25,2,유모스트,2,,0,35.08010344,128.0857824
경남 창원시,P361374,소중한텔레콤,경남 창원시 성산구 원이대로 774,2,에스엠,2,,0,35.21562293,128.6917287
경남 창원시,P362512,현동마산,경남 창원시 마산합포구 현동7길 22,2,에스엠,1,태성,1,35.14930289,128.5543055
대구 달서구,P362588,만기통신,대구 달서구 선원남로20길 32,2,공감,2,,0,35.85566796,128.5098995
경남 창원시,P363849,창원휴대폰성지DT,경남 창원시 성산구 동산로 124,2,수인,2,,0,35.21934207,128.6916137
경북 구미시,P364119,베스트진평,경북 구미시 인동16길 5,2,태성,2,,0,36.09901055,128.4254129
부산 북구,P365158,이룸컴퍼니 주식회사 구포지점,부산 북구 백양대로 1051,2,에스엠,1,수인,1,35.19921664,128.9964376
경남 창원시,P365670,뉴텔레콤 명서점,경남 창원시 의창구 명서로30번길 16,2,에스엠,2,,0,35.24889456,128.6452795
부산 부산진구,P365721,문홍부전,부산 부산진구 부전로 99,2,메타,2,,0,35.15895897,129.0545007
울산 동구,P366727,에스원모바일,울산 동구 문재3길 34,2,에스엠,2,,0,35.48392265,129.4168594
경남 창원시,P367311,엔씨통신,경남 창원시 의창구 봉곡로63번길 4,2,유모스트,2,,0,35.24964334,128.6665314
경남 사천시,P367567,데이타통신,경남 사천시 사천읍 역사길 8,2,도매직영,2,,0,35.08102283,128.0859781
경남 창원시,P367602,뉴텔레콤_자산,경남 창원시 마산합포구 자산삼거리로 28,2,에스엠,2,,0,35.20359589,128.5649013
경북 경주시,P370217,스마트폰통신,경북 경주시 북문로47번길 36,2,뉴에이스,2,,0,35.85321159,129.2079178
경남 창원시,P370247,별별텔레콤,경남 창원시 진해구 이동로 51,2,도매직영,2,,0,35.1512788,128.6974272
경남 창원시,P370723,피케이모바일,경남 창원시 의창구 도계로 93,2,유모스트,2,,0,35.25674508,128.6400836
경남 창원시,P370836,옆커폰 반림점,경남 창원시 성산구 원이대로473번길 9,2,유모스트,2,,0,35.23483267,128.6694503
대구 동구,P371294,뉴스타안심,대구 동구 안심로41길 37,2,유모스트,1,태성,1,35.86947558,128.7083129
경북 구미시,P371392,하랑형곡,경북 구미시 형곡동로 93,2,수인,2,,0,36.11064018,128.3356918
경남 창녕군,P371715,엠제이통신,경남 창녕군 창녕읍 조산서재골로 29-4,2,도매직영,2,,0,35.53863646,128.4887253
부산 부산진구,P372164,우야통신,부산 부산진구 새싹로 5-1,2,에스엠,2,,0,35.15855853,129.0582139
경남 진주시,P373402,제로모바일,경남 진주시 진양호로527번길 8-1,2,유모스트,2,,0,35.1934733,128.0830541
울산 남구,P373693,제이케이모바일,울산 남구 번영로173번길 27,2,에스엠,1,에이스,1,35.53970622,129.3230413
경남 사천시,P374920,카이사천,경남 사천시 사천읍 읍내로 30,2,태성,1,도매직영,1,35.08355071,128.0887667
경북 구미시,P375180,에이원_상모,경북 구미시 상사서로 69,2,수인,2,,0,36.08863964,128.3550204
경남 김해시,P375559,루키통신,경남 김해시 삼안로195번길 30,2,뉴에이스,2,,0,35.24508758,128.9088462
울산 남구,P377218,착한모바일,울산 남구 수암로 220,2,강산,2,,0,35.52522114,129.3302628
부산 동래구,P377359,에이스네트웍스 온천점,부산 동래구 충렬대로108번길 63,2,에스엠,2,,0,35.20396983,129.0733152
경남 진주시,P377483,폰＆폰,경남 진주시 새평거로 136,2,서부모바일,2,,0,35.17037273,128.0619039
경남 김해시,P379057,여보세요,경남 김해시 진영읍 장등로 90,2,유모스트,2,,0,35.31251364,128.7330924
대구 동구,P380384,라라모바일 율하점,대구 동구 안심로22길 52,2,수인,2,,0,35.86322503,128.6972448
대구 동구,P380931,통신본가,대구 동구 동촌로 219,2,뉴에이스,2,,0,35.88222248,128.6644204
대구 수성구,P381011,만촌통신,대구 수성구 동원로 110,2,뉴에이스,2,,0,35.869574,128.6386069
대구 달성군,P381395,투민현풍,대구 달성군 현풍읍 현풍중앙로 37,2,유모스트,2,,0,35.69265972,128.4461102
경남 창원시,P381430,문모바일,경남 창원시 의창구 소계로 86-1,2,수인,2,,0,35.25706179,128.5993514
경남 창원시,P381596,(셀)휴대폰성지_현동점,경남 창원시 마산합포구 현동4길 5,2,유모스트,1,수석_경상,1,35.15089596,128.5531936
부산 동래구,P382070,청바지모바일,부산 동래구 서동중심로 8,2,도매직영,2,,0,35.21051204,129.1042088
대구 달성군,P382122,해피_다사,대구 달성군 다사읍 다사역로 39,2,유모스트,1,뉴에이스,1,35.86558537,128.4574433
대구 중구,P382131,희수통신,대구 중구 동성로 88,2,태성,2,,0,35.87459302,128.5958486
울산 울주군,P383471,지니통신,울산 울주군 범서읍 천상길 17,2,공감,2,,0,35.52813211,129.3277907
울산 남구,P384490,휴대폰성지,울산 남구 대학로94번길 6,2,빅뱅,2,,0,35.54306468,129.2604912
대구 북구,P384905,정원,대구 북구 연암로 178,2,에스엠,2,,0,35.90033519,128.5965452
경남 김해시,P386626,김해-휴대폰공장,경남 김해시 우암로31번길 1,2,에스엠,2,,0,35.23350709,128.8602873
부산 동래구,P386640,땅파서 폰파는 집(사직점),부산 동래구 사직북로33번길 8,2,유모스트,2,,0,35.19883966,129.0597388
경남 창원시,P386841,광_도계,경남 창원시 의창구 도계로 55,2,태성,2,,0,35.25966173,128.6375936
경북 안동시,P387127,대박통신_안동,경북 안동시 퇴계로 137-1,2,뉴에이스,2,,0,36.56960658,128.7315189
부산 해운대구,P387217,준케이모바일,부산 해운대구 선수촌로 106,2,도매직영,2,,0,35.20311913,129.1196759
경남 김해시,P387291,땅폰집 장유점,경남 김해시 계동로 21,2,유모스트,2,,0,35.17816881,128.7957174
대구 달성군,P387371,번개폰,대구 달성군 화원읍 사문진로 448,2,유모스트,2,,0,35.80344965,128.4972453
부산 서구,P387468,주식회사꿀폰,부산 서구 구덕로 327,2,빅뱅,2,,0,35.11302033,129.0160904
부산 동구,P387836,정임네트워크,부산 동구 망양로 877,2,강산,2,,0,35.13888494,129.0479904
부산 부산진구,P390931,휴대폰성지_서면점,부산 부산진구 서면로 59,2,유모스트,2,,0,35.15600813,129.0575464
대구 달서구,P392895,제로폰 월성점,대구 달서구 월성로 42,2,공감,2,,0,35.8316156,128.5307753
대구 달성군,P394231,명곡통신,대구 달성군 화원읍 명천로 216,2,수인,2,,0,35.79782883,128.4896638
대구 달서구,P401101,따르릉통신 진천점,대구 달서구 진천로 78,2,뉴에이스,2,,0,35.81550745,128.5236791
경북 포항시,P402033,미소텔레콤,경북 포항시 북구 양학로 32,2,유모스트,2,,0,36.03831659,129.3576705
부산 사상구,P405002,피노이텔레콤,부산 사상구 사상로 104,2,에스엠,2,,0,35.15424621,128.9794104
대구 달서구,P407212,휴대폰성지 최싸폰 진천점,대구 달서구 진천로 75-3,2,에스엠,2,,0,35.81496205,128.5230833
경북 포항시,P408563,미노통신,경북 포항시 남구 상공로 132-1,2,유모스트,2,,0,36.01911075,129.3619959
대구 중구,P415781,케이대명,대구 중구 명덕로 61,2,태성,2,,0,35.85886385,128.5776398
부산 부산진구,P419869,제이디 부곡점,부산 부산진구 범양로126번길 2,2,빅뱅,2,,0,35.17420416,129.0658057
경북 문경시,P427187,사거리이동통신,경북 문경시 점촌1동,2,공감,2,,0,36.59863247,128.1977705
대구 동구,P442740,휴대폰성지 옆커폰 대구 이시아폴리스점,대구 동구 팔공로51길 17,2,에스엠,1,태성,1,35.91025753,128.6392981
부산 동래구,P447160,휴대폰성지옆커폰 부산온천금강점,부산 동래구 금강공원로 10-1,2,에스엠,1,태성,1,35.22009846,129.0801011
부산 연제구,P450213,부산-하모니폰,부산 연제구 과정로 210,2,수석_경상,2,,0,35.18798039,129.104368
경남 합천군,P450759,허양통신대리점,경남 합천군 합천읍 충효로 80,2,도매직영,2,,0,35.56753309,128.1613285
대구 북구,P452344,휴대폰성지 휴대폰파는총각 동천점,대구 북구 대천로 88,2,뉴에이스,2,,0,35.93674156,128.5587372
대구 달서구,P457245,옆커폰월성,대구 달서구 조암로 9,2,태성,1,골드스타,1,35.82533467,128.5287116
경북 포항시,P459601,스텔라통신,경북 포항시 남구 상공로 240,2,도매직영,2,,0,36.0229381,129.3720273
경남 김해시,P460922,다운폰,경남 김해시 우암로 37,2,유모스트,2,,0,35.23403005,128.8605038
대구 달성군,P462487,휴대폰마-켓,대구 달성군 옥포읍 돌미로 52,2,에스엠,2,,0,35.77955155,128.4399682
울산 남구,P463652,창천항로 옥동점,울산 남구 문수로 406,2,에스엠,2,,0,35.53355035,129.2976547
부산 서구,P468038,가라타요,부산 서구 꽃마을로 41-4,2,빅뱅,2,,0,35.11773963,129.0118713
경남 거제시,P473269,도담통신,경남 거제시 장평로 23,2,유모스트,1,에스엠,1,34.89101526,128.6147403
경남 거제시,P474593,폰싼집,경남 거제시 수양로 456-10,2,에스엠,2,,0,34.89348689,128.6409564
대구 달서구,P475275,루피이곡,대구 달서구 선원남로 113,2,태성,2,,0,35.85742489,128.5126829
경남 창원시,P492596,휴대폰성지 수정모바일,경남 창원시 마산회원구 북성로 135,2,유모스트,2,,0,35.21941172,128.570537
경남 사천시,P507035,더폰사천(언니),경남 사천시 사천읍 진삼로 1291,2,에스엠,2,,0,35.06822134,128.0786657
울산 북구,P507911,(셀)휴대폰성지_삼산점,울산 북구 화산중앙로 94-3,2,수석_경상,2,,0,35.59342637,129.3666845
울산 남구,P510275,휴대폰성지(신정),울산 남구 중앙로 217,2,에이스,2,,0,35.54028806,129.3117362
대구 중구,P521092,옆커폰 통신골목,대구 중구 동성로1길 33,2,태성,2,,0,35.86664464,128.5957894
부산 동래구,P525476,휴대폰잘하는집,부산 동래구 충렬대로 306,2,에스엠,1,강산,1,35.19941254,129.0923088
대구 수성구,P534668,옆커폰 대구은행역점,대구 수성구 달구벌대로 2347,2,태성,2,,0,35.85982051,128.6192854
부산 금정구,P544456,휴대폰아울렛,부산 금정구 장전제3동,2,유모스트,2,,0,35.22933542,129.0890347
부산 연제구,P547543,연산동휴대폰성지 휴대폰할인매장,부산 연제구 중앙대로 1036,2,에스엠,2,,0,35.18083692,129.0778301
부산 남구,P559025,용호동휴대폰 휴대폰성지,부산 남구 용호로 138,2,수인,2,,0,35.12003559,129.1119422
울산 북구,P560967,(셀)휴대폰성지_송정점,울산 북구 박상진12로 11,2,수석_경상,2,,0,35.60147881,129.365332
부산 기장군,P566313,옆커폰 부산일광점,부산 기장군 일광읍 해빛6로 102,2,유모스트,2,,0,35.26609374,129.226734
대구 수성구,P574708,대구휴대폰성지 새로폰,대구 수성구 달구벌대로 2598,2,유모스트,2,,0,35.85824151,128.6466174
부산 해운대구,P574990,365모바일,부산 해운대구 아랫반송로21번길 14,2,에스엠,2,,0,35.22568566,129.1485529
부산 북구,P575387,휴대폰성지 폰슐랭 부산북구점,부산 북구 금곡대로 29,2,에스엠,1,태성,1,35.21236514,129.0078327
경남 창원시,P579798,라라컴퍼니,경남 창원시 마산합포구 현동9길 13,2,에스엠,2,,0,35.14531389,128.5570348
경남 양산시,P580474,드림컴트루,경남 양산시 덕계로 61,2,유모스트,2,,0,35.37370578,129.1503155
경남 창원시,P586033,옆커폰마산경남대,경남 창원시 마산합포구 해안대로 1,2,유모스트,2,,0,35.18079296,128.5590674
부산 부산진구,P594919,휴대폰성지 나르샤부산,부산 부산진구 중앙대로783번길 11,2,수인,2,,0,35.16350647,129.0630056
부산 연제구,P601919,휴대폰성지,부산 연제구 중앙대로 1056,2,메타,2,,0,35.18236201,129.0789549
울산 북구,P604833,휴대폰8040,울산 북구 명촌17길 23,2,유모스트,2,,0,35.55863804,129.3543098
부산 동래구,P604895,부산 휴대폰성지 동래점,부산 동래구 여고북로 234,2,메타,2,,0,35.20247938,129.0773953
부산 부산진구,P605949,지니모바일,부산 부산진구 가야대로 703,2,뉴에이스,2,,0,35.15788057,129.0478699
경남 창원시,P609667,㈜지디엠 팔용점,경남 창원시 의창구 팔용로443번길 1,2,태성,2,,0,35.25601507,128.6133224
경남 창원시,P611124,제이더블유(JW)모바일,경남 창원시 마산회원구 회원남로 65,2,에스엠,2,,0,35.21940269,128.5695034
경남 창원시,P621391,고모바일 창원,경남 창원시 마산합포구 월영남로 43,2,태성,2,,0,35.17509562,128.5594064
경북 포항시,P622252,우정텔레콤,경북 포항시 북구 천마로72번길 20,2,뉴에이스,2,,0,36.08290116,129.3992339
부산 동래구,P622712,이음모바일,부산 동래구 아시아드대로181번길 9,2,유모스트,1,에스엠,1,35.20069492,129.0640951
부산 동래구,P625763,휴대폰성지,부산 동래구 사직북로 34,2,태성,2,,0,35.19900541,129.0619182
경북 포항시,P628790,효자통신,경북 포항시 남구 효성로15번길 19,2,유모스트,2,,0,36.00696449,129.337285
부산 부산진구,P635428,동글이모바일,부산 부산진구 연수로 51,2,에스엠,2,,0,35.17517096,129.0765661
부산 해운대구,P641122,통신마을,부산 해운대구 아랫반송로 34-2,2,유모스트,2,,0,35.2242911,129.1492356
경북 경주시,P661899,경주휴대폰성지여기다(황오점),경북 경주시 계림로 100,2,태성,2,,0,35.8415891,129.2179634
경남 진주시,P663575,(셀)휴대폰성지_하대점,경남 진주시 모덕로 261,2,유모스트,2,,0,35.1889942,128.122659
대구 동구,P664390,휴대폰파는총각 이시아폴리스점,대구 동구 불로.봉무동,2,수인,2,,0,35.91353477,128.640828
부산 연제구,P683895,폰초(교대),부산 연제구 중앙대로 1204,2,유모스트,2,,0,35.19467535,129.080279
경남 김해시,P686133,통신일번가,경남 김해시 분성로 38,2,유모스트,2,,0,35.23223489,128.8513258
부산 기장군,P699570,기장텔레콤,부산 기장군 기장읍 차성동로 63,2,강산,2,,0,35.24339217,129.2162242
경남 양산시,P703285,휴대폰성지 최싸폰 중부점,경남 양산시 양산역2길 7,2,에스엠,2,,0,35.3355715,129.0279556
경남 창원시,P707864,휴대폰성지 마징가텔레콤,경남 창원시 진해구 용원로 32,2,수인,2,,0,35.09963881,128.8128856
경북 안동시,P718245,옆커폰안동시내,경북 안동시 경동로 653,2,태성,2,,0,36.56337053,128.72943
부산 해운대구,P719843,삼육오모바일재송점,부산 해운대구 해운대로161번길 45,2,에스엠,2,,0,35.18577103,129.12523
경북 포항시,P719966,행복텔레콤,경북 포항시 북구 칠성천길 122,2,뉴에이스,2,,0,36.03627375,129.3669409
부산 남구,P727954,비타민통신,부산 남구 용호로42번길 14,2,도매직영,2,,0,35.12695488,129.1084224
대구 북구,P734419,휴대폰파는총각 침산점,대구 북구 침산남로 140,2,수인,1,뉴에이스,1,35.88808771,128.5909513
경북 구미시,P737085,H.폰프라자봉곡,경북 구미시 봉곡남로 93,2,수인,2,,0,36.14960419,128.3123572
경남 창원시,P738790,폰슐랭창원,경남 창원시 성산구 창원천로94번길 19,2,태성,2,,0,35.23980463,128.6530178
경남 창원시,P740949,옆커폰창원도계,경남 창원시 의창구 도계로 66,2,유모스트,2,,0,35.25872727,128.6379653
부산 해운대구,P741510,휴대폰주민센터_반여점,부산 해운대구 재반로 243,2,도매직영,2,,0,35.19886731,129.1311169
울산 울주군,P742390,(셀)휴대폰성지_덕하점,울산 울주군 청량읍 덕하1로 55,2,수석_경상,2,,0,35.48253057,129.3027117
울산 남구,P744952,휴대폰성지 동네폰 달동점,울산 남구 중앙로128번길 38,2,에스엠,2,,0,35.53356592,129.3191022
경남 김해시,P745921,지니모바일,경남 김해시 삼계중앙로 23,2,유모스트,2,,0,35.2607824,128.8675217
경남 김해시,P752182,옆커폰김해율하,경남 김해시 율하1로 110,2,태성,2,,0,35.17279641,128.8156338
경남 거제시,P764094,대한통신,경남 거제시 장평로 24,2,서부모바일,2,,0,34.89131495,128.6147592
경북 영주시,P764779,옆커폰영주,경북 영주시 중앙로 74,2,태성,2,,0,36.82188361,128.624262
부산 해운대구,P766597,막내통신,부산 해운대구 재반로242번길 12,2,유모스트,2,,0,35.19856276,129.131985
부산 북구,P773048,휴대폰성지_만덕점,부산 북구 덕천로276번길 60,2,유모스트,2,,0,35.2058688,129.03319
경남 양산시,P774009,휴대폰성지 웅상1등통신덕계점,경남 양산시 덕계로 67-1,2,빅뱅,2,,0,35.37408927,129.150803
부산 사상구,P775549,휴대폰성지 부싼폰,부산 사상구 사상로 238,2,유모스트,2,,0,35.16623047,128.982845
경북 경주시,P777488,옆커폰경주황성,경북 경주시 황성로1번길 4,2,태성,2,,0,35.86390743,129.2129743
경북 포항시,P778502,바른통신,경북 포항시 남구 해동로 71,2,에스엠,2,,0,36.02568847,129.3725275
경남 양산시,P782503,챔피언모바일,경남 양산시 동면 사송로 169,2,메타,2,,0,35.31239393,129.0651435
경남 창원시,P785410,휴대폰성지 나르샤창원,경남 창원시 성산구 용지로 56,2,수인,2,,0,35.22109171,128.6736888
부산 사하구,P786962,옆커폰부산하단,부산 사하구 하신번영로 365,2,태성,2,,0,35.11029866,128.9585364
부산 부산진구,P789196,와이에스컴퍼니,부산 부산진구 신암로 1,2,에스엠,2,,0,35.14219088,129.0557353
울산 북구,P791808,울산휴대폰성지여기다(중산점),울산 북구 농소2동,2,강산,1,태성,1,35.6383282,129.3483705
경남 진주시,P797521,애니콜프라자,경남 진주시 진양호로527번길 3-1,2,에스엠,2,,0,35.1930473,128.0829483
부산 동래구,P804507,옆커폰명장,부산 동래구 반송로 284,2,유모스트,2,,0,35.20511487,129.1020114
부산 연제구,P809990,포시즌통신 거제점,부산 연제구 거제시장로 38,2,에스엠,1,도매직영,1,35.18267893,129.0710269
부산 부산진구,P811298,응답하라휴대폰,부산 부산진구 백양산로53번길 79,2,수인,2,,0,35.17135383,129.0280184
울산 남구,P815505,(셀)휴대폰성지_울산남구청점,울산 남구 번영로 195,2,유모스트,1,수석_경상,1,35.54487625,129.3213292
부산 연제구,P816268,부산-베스트모바일,부산 연제구 쌍미천로 147,2,수석_경상,2,,0,35.18579298,129.0871198
부산 금정구,P821039,010모바일,부산 금정구 오시게로 42,2,도매직영,2,,0,35.2211074,129.087411
대구 남구,P828211,옆커폰봉덕,대구 남구 대덕로 161,2,태성,1,골드스타,1,35.84110004,128.6008241
경남 김해시,P840813,김해국밥폰,경남 김해시 번화1로 132,2,뉴에이스,2,,0,35.19878119,128.7976108
경남 김해시,P842525,밀리언컴퍼니,경남 김해시 장유로 500,2,에스엠,2,,0,35.18548029,128.8217065
대구 달서구,P844107,엔젤OA통신,대구 달서구 상원로4길 15,2,유모스트,2,,0,35.81119813,128.5372079
경북 경산시,P852490,경산휴대폰성지 픽폰 진량점,경북 경산시 진량읍 봉황길 53,2,공감,2,,0,35.88429238,128.8247274
부산 강서구,P853351,휴대폰성지 슈퍼맨텔레콤 명지점,부산 강서구 명지국제8로 265,2,에스엠,2,,0,35.09819807,128.9218121
경남 창원시,P856121,폰앤샵,경남 창원시 마산합포구 현동1길 8,2,유모스트,1,강산,1,35.14863151,128.5583564
경남 진주시,P866763,진주굿텔레콤,경남 진주시 망경로297번길 3,2,에스엠,2,,0,35.18578178,128.0855006
대구 북구,P868442,휴대폰파는총각 대현점,대구 북구 신암로 103,2,수인,1,뉴에이스,1,35.88011697,128.6106818
대구 달서구,P871456,옆커폰장기,대구 달서구 장기로 247,2,태성,2,,0,35.84339761,128.5332466
부산 북구,P875285,휴대폰성지,부산 북구 학사로 8,2,에스엠,2,,0,35.22408101,129.0087552
경남 김해시,P887956,리더스모바일,경남 김해시 삼문로 19,2,에스엠,2,,0,35.19710336,128.7977424
경북 상주시,P890201,모두의통신,경북 상주시 상산로 297,2,뉴에이스,2,,0,36.41742245,128.1590597
경북 포항시,P898817,총각네폰가게(용흥점),경북 포항시 북구 대안길 57,2,수인,2,,0,36.04122646,129.3512715
부산 수영구,P906249,JW컴퍼니,부산 수영구 수영로 691-5,2,공감,2,,0,35.16802595,129.115192
경남 거창군,P917629,옆커폰거창중앙로,경남 거창군 거창읍 중앙로 128-1,2,유모스트,1,태성,1,35.68675814,127.9124491
부산 동래구,P923297,대영텔레콤,부산 동래구 여고로113번길 18,2,에스엠,2,,0,35.1993396,129.075057
울산 남구,P924836,삼일모바일,울산 남구 대학로 42,2,유모스트,2,,0,35.53929575,129.2570249
경남 진주시,P930177,옆커폰진주신평거,경남 진주시 진양호로 221,2,유모스트,1,태성,1,35.17386347,128.0601777
울산 중구,P941834,옆커폰울산서동,울산 중구 북부순환도로 845,2,태성,2,,0,35.57940997,129.3459954
부산 남구,P945209,용호텔레콤,부산 남구 용호로 234,2,도매직영,2,,0,35.11146358,129.1108833
경북 경산시,P954395,훈통신,경북 경산시 진량읍 선화로20길 14,2,뉴에이스,2,,0,35.86601368,128.7957369
경북 영주시,P959994,휴대폰젤싼집,경북 영주시 중앙로 89,2,뉴에이스,2,,0,36.82336643,128.6248463
부산 사하구,P961026,하랑 해드림텔레콤,부산 사하구 하신중앙로 182,2,도매직영,2,,0,35.09479676,128.9624431
부산 동래구,P961487,디씨 폰 프라자 (동래점),부산 동래구 동래로 11,2,도매직영,2,,0,35.21340294,129.0775809
경남 김해시,P961954,아이빌,경남 김해시 삼계중앙로 45,2,에스엠,1,뉴에이스,1,35.26084101,128.8699583
경북 경산시,P964810,휴대폰성지 토스폰 경산하양점,경북 경산시 하양읍 하양로 96,2,수인,2,,0,35.91295198,128.8183712
경남 김해시,P965728,복복텔레콤,경남 김해시 호계로 420,2,수인,2,,0,35.22805394,128.8853407
대구 동구,P965848,호경플러스2정보통신,대구 동구 팔공로 138,2,태성,2,,0,35.91105726,128.6412323
경남 창원시,P967919,휴대폰성지 슈퍼맨텔레콤 창원마산점,경남 창원시 마산합포구 월영남로 21,2,에스엠,2,,0,35.17691572,128.5586545
경북 경산시,P968282,옆커폰펜타힐즈,경북 경산시 펜타힐즈2로 37,2,태성,2,,0,35.82746315,128.7186799
부산 동래구,P968286,휴대폰성지_사직점,부산 동래구 사직북로33번길 49,2,빅뱅,2,,0,35.19860609,129.0576138
경북 포항시,P968313,서준정보통신,경북 포항시 북구 중흥로 258,2,유모스트,1,에스엠,1,36.02584165,129.3607775
경북 포항시,P968762,한빛커뮤니케이션_포항,경북 포항시 북구 새마을로15번길 14,2,유모스트,2,,0,36.03708963,129.3586405
경북 경산시,P998804,에스더블유(SW),경북 경산시 중앙로 73,2,수인,2,,0,35.82709766,128.7340089
경남 김해시,P032176,스피드,경남 김해시 활천로 23,1,에스엠,1,,0,35.22975899,128.8935875
대구 서구,P041074,해피비산,대구 서구 국채보상로 359,1,뉴에이스,1,,0,35.87244119,128.5702783
경북 안동시,P042905,한빛텔레콤,경북 안동시 문화광장길 16-5,1,뉴에이스,1,,0,36.56391859,128.7305002
부산 동구,P044137,제일정보통신,부산 동구 초량상로 126,1,메타,1,,0,35.12253123,129.0403705
경남 진주시,P045604,월드텔레콤,경남 진주시 동진로 160,1,도매직영,1,,0,35.17941427,128.1085346
부산 연제구,P048688,(주)환영통신,부산 연제구 월드컵대로 3,1,빅뱅,1,,0,35.17511629,129.0860896
경북 경주시,P049934,폰나라,경북 경주시 금성로 417,1,뉴에이스,1,,0,35.85497635,129.2066301
경남 양산시,P074510,휴대폰성지고래폰_덕계점,경남 양산시 덕계로 59,1,에스엠,1,,0,35.37345989,129.1502183
부산 남구,P080802,대연모바일,부산 남구 못골로 50,1,도매직영,1,,0,35.1356935,129.0878491
경북 안동시,P083285,옆커폰안동 용상점,경북 안동시 경동로 855,1,태성,1,,0,36.56019749,128.7503842
대구 달서구,P085234,대경텔레콤,대구 달서구 계대동문로 19,1,유안,1,,0,35.85580554,128.4944003
부산 남구,P085811,진텔레콤,부산 남구 동명로 148,1,태성,1,,0,35.11932866,129.112923
부산 남구,P086006,봉봉,부산 남구 문현2동,1,태성,1,,0,35.142872,129.065898
대구 수성구,P089148,큐사랑염색전문샵,대구 수성구 수성로 393,1,뉴에이스,1,,0,35.86266354,128.6166681
대구 동구,P089801,웅비각산,대구 동구 반야월로 213,1,뉴에이스,1,,0,35.87227469,128.7118358
부산 해운대구,P090725,하이폰,부산 해운대구 센텀중앙로 90,1,빅뱅,1,,0,35.17544308,129.126431
경남 창원시,P092206,포인트정보통신,경남 창원시 마산합포구 합포로 217,1,태성,1,,0,35.21664689,128.5870931
경북 경주시,P093429,경주 휴대폰성지 폰파는아빠 김팀장,경북 경주시 동천로 68-2,1,유모스트,1,,0,35.85366058,129.226795
대구 수성구,P097174,폰대감 범어점,대구 수성구 범어로20길 67,1,공감,1,,0,35.85807672,128.641256
부산 수영구,P097790,런텔레콤,부산 수영구 수영로652번길 6,1,빅뱅,1,,0,35.16372275,129.1148427
경북 포항시,P102445,옆커폰포항양덕,경북 포항시 북구 천마로 71,1,태성,1,,0,36.08280523,129.396546
대구 중구,P107688,휴대폰성지 최싸폰 남산점,대구 중구 남산로 37,1,에스엠,1,,0,35.8582318,128.5805038
경북 구미시,P107980,해솔도량,경북 구미시 송동로 149,1,뉴에이스,1,,0,36.13951278,128.3164627
대구 동구,P108813,휴대폰성지 이시아점,대구 동구 팔공로51길 33,1,뉴에이스,1,,0,35.92284612,128.6371339
대구 군위군,P112364,한결통신_군위,대구 군위군 효령면 경북대로 2185,1,뉴에이스,1,,0,36.11898224,128.5712993
부산 부산진구,P115557,휴맛집 서면점,부산 부산진구 서전로 24,1,강산,1,,0,35.15759315,129.0621632
부산 기장군,P118338,재이통신,부산 기장군 기장읍 읍내로 100,1,도매직영,1,,0,35.244897,129.2152027
부산 강서구,P119767,명지캐슬,부산 강서구 명지오션시티2로 71,1,에스엠,1,,0,35.08395335,128.8999877
울산 울주군,P121539,후니모바일,울산 울주군 언양읍 헌양길 167,1,유모스트,1,,0,35.5669476,129.1172481
대구 동구,P134121,주식회사 고고폰,대구 동구 효목로 5,1,유모스트,1,,0,35.87384777,128.638981
경북 칠곡군,P137242,네이버 정보통신,경북 칠곡군 석적읍 북중리3길 26,1,유모스트,1,,0,36.07728502,128.4096053
울산 중구,P137454,폰파는녀석들_중구점,울산 중구 다운로 33,1,유모스트,1,,0,35.55775748,129.2728459
경남 창원시,P138211,스타모바일,경남 창원시 진해구 안골로 352,1,도매직영,1,,0,35.10251283,128.8102776
대구 동구,P139200,월드효목,대구 동구 효동로 57,1,뉴에이스,1,,0,35.88205787,128.6450942
경북 구미시,P139849,유니온텔레콤,경북 구미시 선산읍 남문로3길 4,1,유모스트,1,,0,36.24101999,128.3013381
대구 달서구,P148801,워낭소리,대구 달서구 상화북로 53,1,공감,1,,0,35.81207622,128.532042
부산 남구,P149755,대연1호점 JK,부산 남구 못골번영로 11,1,메타,1,,0,35.13616334,129.0889379
경북 경산시,P151029,다쏜다 달구폰 경산점,경북 경산시 대학로 28,1,강산,1,,0,35.83435487,128.7257302
대구 서구,P151291,에스통신,대구 서구 국채보상로 29,1,유안,1,,0,35.86898415,128.5344242
대구 북구,P152024,휴대폰성지 올영폰 고성점,대구 북구 칠성남로 55-2,1,수인,1,,0,35.87947174,128.5867671
경북 구미시,P157257,선일정보통신,경북 구미시 선산읍 남문로4길 8,1,유모스트,1,,0,36.24095689,128.302342
부산 부산진구,P160751,제이엠 당감점,부산 부산진구 당감로34번길 45,1,수석_경상,1,,0,35.16527997,129.0416611
경남 밀양시,P166332,나로텔레콤,경남 밀양시 약산로 43-1,1,도매직영,1,,0,35.49293102,128.7496367
경북 경주시,P169412,하하통신,경북 경주시 북정로 26,1,뉴에이스,1,,0,35.84320592,129.2153914
경북 칠곡군,P169846,통신공화국,경북 칠곡군 왜관읍 중앙로 158,1,에스엠,1,,0,35.98899531,128.3995725
경북 영덕군,P170185,씨엠(CM)텔레콤,경북 영덕군 영해면 예주시장길 37,1,도매직영,1,,0,36.53955135,129.4080473
울산 남구,P171257,TU플러스정보통신,울산 남구 돋질로 100,1,유모스트,1,,0,35.53891158,129.3165661
경북 김천시,P171813,폰이조아,경북 김천시 자산로 157,1,도매직영,1,,0,36.12432647,128.1177742
부산 수영구,P172217,행복텔레콤,부산 수영구 남천바다로 8,1,수석_경상,1,,0,35.14983448,129.1117698
경북 경산시,P172373,경산황금,경북 경산시 자인면 금학로 6,1,뉴에이스,1,,0,35.82038323,128.8233975
부산 부산진구,P173105,홈런텔레콤,부산 부산진구 범양로126번길 4,1,메타,1,,0,35.17420184,129.0659574
대구 달서구,P173968,피키통신,대구 달서구 월배로 116,1,뉴에이스,1,,0,35.81452443,128.5271825
대구 수성구,P177334,늘푸른통신 만촌,대구 수성구 동원로 135,1,뉴에이스,1,,0,35.8691799,128.633469
경북 안동시,P179263,서진텔레콤,경북 안동시 경동로 580,1,도매직영,1,,0,36.56323555,128.7212387
부산 동구,P179302,예은정보통신,부산 동구 중앙대로221번길 24,1,도매직영,1,,0,35.11740246,129.039285
대구 서구,P179593,마루통신,대구 서구 서대구로29길 30,1,유모스트,1,,0,35.87055282,128.5472134
울산 북구,P188048,틈사이휴대폰_천곡점,울산 북구 천곡길 191,1,유모스트,1,,0,35.63858064,129.3247457
대구 동구,P192185,별빛통신,대구 동구 신성로 43,1,태성,1,,0,35.87951323,128.6114325
경북 포항시,P193616,나인텔레콤,경북 포항시 북구 흥해읍 도음로877번길 3,1,뉴에이스,1,,0,36.07916204,129.3296795
부산 수영구,P194434,세종,부산 수영구 광남로 47,1,도매직영,1,,0,35.14702685,129.1118985
경남 사천시,P199450,테티스모바일,경남 사천시 사천읍 수양로 42,1,에스엠,1,,0,35.08304024,128.0907188
대구 동구,P208015,영진통신,대구 동구 화랑로25길 43,1,공감,1,,0,35.87788226,128.641309
대구 달성군,P212713,번개폰천내점,대구 달성군 화원읍 비슬로 2615,1,유모스트,1,,0,35.80524974,128.5024151
경북 포항시,P213291,한진통신(죽도점),경북 포항시 북구 중흥로 265-2,1,유모스트,1,,0,36.03114975,129.3632692
경북 김천시,P215018,야후정보통신,경북 김천시 부곡맛고을1길 105,1,도매직영,1,,0,36.12421179,128.0945548
부산 영도구,P218248,우리동네전화국,부산 영도구 남항로 43,1,유모스트,1,,0,35.08866011,129.0411414
부산 사상구,P218414,창가텔레콤,부산 사상구 사상로 147,1,도매직영,1,,0,35.15885781,128.9875536
경남 김해시,P219333,땅파서폰파는집(내외점),경남 김해시 함박로101번길 20,1,유모스트,1,,0,35.23400364,128.8657891
부산 남구,P222444,용당준텔,부산 남구 유엔평화로 139-1,1,도매직영,1,,0,35.12386841,129.0968958
울산 남구,P222616,오성텔레콤,울산 남구 돋질로 110,1,수석_경상,1,,0,35.53924123,129.3178204
부산 해운대구,P223115,윗반송땅폰,부산 해운대구 윗반송로 75-1,1,유모스트,1,,0,35.22884511,129.1604216
부산 북구,P225806,유진유통 덕천점,부산 북구 덕천1길 17,1,강산,1,,0,35.20988292,129.0065044
경남 함양군,P231338,공자나라,경남 함양군 함양읍 고운로 58,1,도매직영,1,,0,35.52041696,127.7277169
울산 울주군,P233219,성지모바일,울산 울주군 범서읍 천상중앙길 110,1,에이스,1,,0,35.56244623,129.2244642
부산 동래구,P234384,옆커폰 온천장점,부산 동래구 온천장로125번길 69,1,태성,1,,0,35.2240069,129.0821877
경북 영천시,P235812,럭키통신,경북 영천시 금호읍 금호로 102-11,1,뉴에이스,1,,0,35.9311133,128.8730915
경남 김해시,P236350,뷰티소이,경남 김해시 함박로101번길 2,1,강산,1,,0,35.23240634,128.8654814
경북 경산시,P236815,영재통신,경북 경산시 백자로10길 3-17,1,도매직영,1,,0,35.81180281,128.7551502
대구 서구,P237208,천마통신,대구 서구 국채보상로79길 1,1,유모스트,1,,0,35.87301367,128.5731237
울산 울주군,P237578,카카오텔레콤,울산 울주군 삼남면 교동로 152,1,도매직영,1,,0,35.56342059,129.1170032
경북 구미시,P238592,가온정보통신,경북 구미시 봉곡로 121,1,유모스트,1,,0,36.1495158,128.3102255
경북 안동시,P239567,윤텔레콤,경북 안동시 경북대로 439,1,도매직영,1,,0,36.567734,128.6981125
부산 사하구,P239684,삼국지모바일,부산 사하구 승학로 3,1,에스엠,1,,0,35.10651862,128.969275
부산 연제구,P240112,으뜸모바일,부산 연제구 온천천남로92번길 30,1,도매직영,1,,0,35.18979217,129.1007559
경남 창원시,P241448,한빛텔레콤,경남 창원시 마산합포구 3·15대로 156,1,도매직영,1,,0,35.19240252,128.5651634
경북 의성군,P241895,디자이너통신,경북 의성군 의성읍 동서2길 26,1,뉴에이스,1,,0,36.35052743,128.696911
경남 김해시,P241963,e편한통신,경남 김해시 계동로23번길 25,1,빅뱅,1,,0,35.17758558,128.7947542
경남 양산시,P242611,SKY양산,경남 양산시 삼일로 79,1,태성,1,,0,35.34416338,129.036255
경남 진주시,P244614,최신정보통신,경남 진주시 진주대로 1104,1,도매직영,1,,0,35.19728367,128.0820013
경남 창원시,P245007,광명정보통신,경남 창원시 의창구 사화로 62,1,에스엠,1,,0,35.25447014,128.6135765
경북 포항시,P245566,코아루통신,경북 포항시 남구 연일읍 동문로 37,1,유모스트,1,,0,35.99344902,129.3518005
부산 사하구,P246110,성진텔레콤,부산 사하구 낙동대로 224,1,도매직영,1,,0,35.10002314,128.9922187
부산 동구,P246305,럭키통신,부산 동구 고관로 122,1,도매직영,1,,0,35.12927943,129.0470868
경남 진주시,P246536,자바텔레콤,경남 진주시 촉석로 188-1,1,도매직영,1,,0,35.19291564,128.0766486
대구 북구,P247088,라이온모바일,대구 북구 침산남로 122-6,1,유모스트,1,,0,35.88789911,128.5883977
부산 부산진구,P247385,세운텔레콤,부산 부산진구 가야대로 725,1,빅뱅,1,,0,35.15799243,129.0509413
경북 경산시,P251259,고인돌통신,경북 경산시 경청로221길 5,1,수인,1,,0,35.80418978,128.7383861
경남 창녕군,P251512,하늘통신,경남 창녕군 남지읍 낙동로 486,1,에스엠,1,,0,35.38863811,128.4774747
부산 사상구,P251596,태영텔레콤,부산 사상구 모라로 77-2,1,도매직영,1,,0,35.18762653,128.9889419
대구 동구,P251606,엔젤통신 신천점,대구 동구 국채보상로 773,1,유모스트,1,,0,35.8682368,128.6154781
대구 동구,P251709,한미텔레콤,대구 동구 파계로6길 54,1,뉴에이스,1,,0,35.94191139,128.6388173
부산 금정구,P252075,상승텔레콤,부산 금정구 서부로 18,1,유모스트,1,,0,35.21575607,129.1038469
대구 수성구,P252079,성광통신,대구 수성구 수성로 262,1,에스엠,1,,0,35.84877053,128.6132974
부산 영도구,P252190,예나텔레콤,부산 영도구 절영로 119-2,1,유모스트,1,,0,35.08558411,129.0425657
경북 상주시,P252402,황대장기획,경북 상주시 중앙로 172,1,뉴에이스,1,,0,36.41553275,128.1572911
부산 부산진구,P252403,드라마,부산 부산진구 성지로 98-1,1,강산,1,,0,35.17923333,129.0529005
부산 사상구,P253310,25시 텔레콤,부산 사상구 농산물시장로 9,1,에스엠,1,,0,35.12802211,128.963986
부산 동래구,P253331,뷰티텔레콤,부산 동래구 여고북로 145,1,도매직영,1,,0,35.20177682,129.0729133
부산 부산진구,P253391,더폰,부산 부산진구 새싹로 15,1,에스엠,1,,0,35.15921111,129.0577177
울산 울주군,P254647,ET모바일,울산 울주군 온양읍 솔밭1길 25,1,메타,1,,0,35.40699467,129.2870201
부산 해운대구,P254792,블루통신,부산 해운대구 윗반송로51번길 96,1,유모스트,1,,0,35.23131854,129.156345
대구 서구,P255113,노피통신,대구 서구 달서로 139,1,유모스트,1,,0,35.87458614,128.5709578
경남 거제시,P255382,엠제이거제,경남 거제시 옥포로20길 31,1,에스엠,1,,0,34.89494316,128.6940671
경남 거창군,P255387,지노텔레콤,경남 거창군 거창읍 아림로 18,1,뉴에이스,1,,0,35.68489547,127.9112911
경북 문경시,P255974,해피텔_문경,경북 문경시 중앙로 108-1,1,도매직영,1,,0,36.59472533,128.1991536
대구 수성구,P256428,청심통신,대구 수성구 달구벌대로 2614,1,유안,1,,0,35.85759076,128.6480988
경북 안동시,P256526,오렌지텔레콤,경북 안동시 단원로 136,1,뉴에이스,1,,0,36.57011115,128.7184394
부산 사상구,P256688,은빛텔레콤,부산 사상구 괘감로 37,1,도매직영,1,,0,35.15975522,128.9804344
경남 창원시,P256970,자은정보통신,경남 창원시 진해구 덕산로46번길 1,1,도매직영,1,,0,35.14590575,128.705002
대구 달성군,P257042,뉴스타화원,대구 달성군 화원읍 명천로 210,1,태성,1,,0,35.79984653,128.495529
부산 기장군,P257165,기장스카이,부산 기장군 기장읍 읍내로 111-1,1,도매직영,1,,0,35.24521701,129.2166234
경북 경산시,P257515,미래플러스통신,경북 경산시 하양읍 아낙고개길 2,1,뉴에이스,1,,0,35.91206271,128.8169112
대구 중구,P258007,아지야서문,대구 중구 큰장로 118,1,수인,1,,0,35.86881013,128.578602
부산 중구,P258514,엠앤에이치,부산 중구 중앙대로 81,1,도매직영,1,,0,35.10487874,129.0359486
경남 거제시,P258686,(셀)휴대폰성지_장승포점,경남 거제시 옥수로10길 35,1,수석_경상,1,,0,34.87623011,128.7313465
부산 북구,P259426,유니텔레콤,부산 북구 시랑로 159,1,도매직영,1,,0,35.19621538,129.0127254
부산 동래구,P259598,아이맥스,부산 동래구 명륜로 135,1,빅뱅,1,,0,35.20587256,129.0819698
경남 창원시,P259916,해피모바일,경남 창원시 의창구 원이대로69번길 20-1,1,에스엠,1,,0,35.25753925,128.6375147
부산 남구,P260211,현모바일,부산 남구 석포로 26,1,도매직영,1,,0,35.1223446,129.0838614
부산 연제구,P261213,부산-자이언트,부산 연제구 연수로 225,1,수석_경상,1,,0,35.17369071,129.0954547
경북 구미시,P262219,원통신비산,경북 구미시 비산로1길 4,1,에스엠,1,,0,36.12002594,128.3745515
부산 동래구,P263169,유진 네트웍스 동래점,부산 동래구 명륜로117번길 2,1,강산,1,,0,35.20431737,129.0824925
경북 포항시,P266606,향림통신,경북 포항시 남구 구룡포읍 구룡포길 90,1,도매직영,1,,0,35.99121306,129.5555236
경남 진주시,P266805,진주대박통신,경남 진주시 금산면 금산로 83,1,유모스트,1,,0,35.2148755,128.1451768
부산 연제구,P266808,은성정보통신,부산 연제구 연수로 150,1,도매직영,1,,0,35.17439828,129.0871912
울산 남구,P268894,수암통신,울산 남구 중앙로 28,1,메타,1,,0,35.52413685,129.3184784
경북 안동시,P268949,(NEW)청룡텔레콤,경북 안동시 강남1길 133-32,1,도매직영,1,,0,36.55042121,128.7353999
부산 남구,P269018,스마트스토어,부산 남구 석포로 60,1,도매직영,1,,0,35.12348462,129.0872347
경남 통영시,P269312,통신천국,경남 통영시 중앙로 120,1,도매직영,1,,0,34.84233741,128.422206
경남 김해시,P269683,민주통신,경남 김해시 장유로 194,1,에스엠,1,,0,35.206155,128.8065224
경남 김해시,P269938,해피폰까페2차점,경남 김해시 가락로 260,1,뉴에이스,1,,0,35.24843673,128.8736813
부산 금정구,P270645,퀸모바일,부산 금정구 부곡로 93,1,도매직영,1,,0,35.22440855,129.0912848
부산 해운대구,P270742,옆커폰해운대중동점,부산 해운대구 중동1로 21,1,태성,1,,0,35.16331856,129.1620259
경남 창원시,P271159,신안텔레콤,경남 창원시 성산구 동산로 156,1,에스엠,1,,0,35.22165833,128.6934151
대구 북구,P271295,번개통신,대구 북구 침산로 93,1,유안,1,,0,35.88522557,128.5897899
경북 경산시,P271478,태양텔레콤,경북 경산시 하양읍 하양로 131,1,뉴에이스,1,,0,35.91515337,128.821159
울산 남구,P272188,허브통신,울산 남구 돋질로251번길 14,1,유모스트,1,,0,35.54462615,129.3322441
경남 김해시,P272304,위너스텔레콤,경남 김해시 김해대로 1866,1,빅뱅,1,,0,35.25998805,128.8646216
부산 북구,P272436,성우지상,부산 북구 백양대로 1196,1,태성,1,,0,35.20905322,129.0055748
경북 김천시,P272804,쿨통신,경북 김천시 자산로 128-1,1,도매직영,1,,0,36.12191412,128.1185679
경북 포항시,P273318,대상통신,경북 포항시 북구 학산로 19,1,서부모바일,1,,0,36.04926761,129.364779
경북 구미시,P273709,휴대폰가게,경북 구미시 흥안로1길 4,1,뉴에이스,1,,0,36.14666735,128.4173415
경남 창녕군,P275117,남지연합정보,경남 창녕군 남지읍 문화길 3,1,도매직영,1,,0,35.38878331,128.4815723
부산 금정구,P276314,좋은폰,부산 금정구 서동로176번길 18,1,유모스트,1,,0,35.21383703,129.1051245
대구 북구,P276509,연우모바일,대구 북구 태전로 37,1,뉴에이스,1,,0,35.92364466,128.5441737
대구 북구,P276601,성원정보통신,대구 북구 칠곡중앙대로 354,1,에스엠,1,,0,35.92719431,128.5478221
대구 서구,P276740,케이모바일,대구 서구 달서로 7,1,수인,1,,0,35.86284166,128.5715998
경북 포항시,P276793,대명종합상사,경북 포항시 남구 동해면 일월로 155,1,뉴에이스,1,,0,35.98830708,129.4498835
울산 울주군,P278857,삼성통신,울산 울주군 언양읍 헌양길 37,1,유모스트,1,,0,35.56475362,129.1251717
경북 김천시,P279377,별통신,경북 김천시 자산로 42,1,도매직영,1,,0,36.11973304,128.1270856
대구 남구,P279438,고려안지랑,대구 남구 대명로 129-1,1,뉴에이스,1,,0,35.83967801,128.5717564
경북 의성군,P279871,다인통신_의성,경북 의성군 다인면 서릉길 51,1,뉴에이스,1,,0,36.44931684,128.3549228
경남 창원시,P280850,UC모바일,경남 창원시 의창구 동읍 의창대로 855,1,에스엠,1,,0,35.27745011,128.6847569
경남 창원시,P280957,에이스창원,경남 창원시 진해구 충장로 361,1,도매직영,1,,0,35.15395819,128.6916718
경남 창원시,P281238,원정보통신,경남 창원시 마산합포구 문신길 199,1,도매직영,1,,0,35.21031292,128.5706971
경남 사천시,P281257,빵빵통신,경남 사천시 중앙로 78-1,1,도매직영,1,,0,34.93300746,128.0767498
경남 양산시,P282383,패밀리서창,경남 양산시 삼호동,1,수석_경상,1,,0,35.414161,129.170474
경남 창원시,P283104,후모바일,경남 창원시 성산구 원이대로 774,1,에스엠,1,,0,35.21562293,128.6917287
경북 구미시,P283420,이노모바일,경북 구미시 고아읍 문장로 188,1,유모스트,1,,0,36.15005633,128.331065
부산 연제구,P284052,덕천통신,부산 연제구 아시아드대로 83,1,빅뱅,1,,0,35.19194781,129.0669437
대구 달성군,P284241,블루현풍,대구 달성군 현풍면 테크노상업로 48,1,태성,1,,0,35.69280211,128.4550833
경남 창원시,P284745,대동애니콜,경남 창원시 성산구 상남로 118,1,에스엠,1,,0,35.22346544,128.6831244
울산 중구,P284880,사구통신,울산 중구 다운3길 17,1,에스엠,1,,0,35.56413842,129.2676936
경북 경주시,P285582,통신뱅크,경북 경주시 감포읍 감포로 132-1,1,뉴에이스,1,,0,35.805806,129.502296
부산 동래구,P285861,동부통신,부산 동래구 중앙대로 1329,1,도매직영,1,,0,35.20586176,129.0776477
부산 부산진구,P285876,피엔씨(P&C) 정보통신,부산 부산진구 부전로 187,1,에스엠,1,,0,35.16383038,129.0611937
경북 성주군,P285920,개성성주,경북 성주군 성주읍 성주읍4길 10-2,1,에스엠,1,,0,35.91929494,128.2861404
부산 금정구,P286959,천일정보통신,부산 금정구 금사로 80,1,도매직영,1,,0,35.21985525,129.111574
대구 서구,P287117,제이중리,대구 서구 서대구로25길 20,1,에스엠,1,,0,35.86940577,128.5521142
경북 포항시,P287253,남부정보통신,경북 포항시 남구 상공로 54,1,에스엠,1,,0,36.01318956,129.3573844
대구 서구,P287771,힐링통신,대구 서구 달서로 123,1,유모스트,1,,0,35.87321779,128.570913
경남 함안군,P287775,튼튼정보통신,경남 함안군 가야읍 남경길 32,1,도매직영,1,,0,35.27872394,128.4095938
경북 경산시,P288163,제트통신,경북 경산시 압량면 압독2로2길 12,1,도매직영,1,,0,35.84151755,128.7617967
경북 경산시,P289252,대성통신,경북 경산시 하양읍 하양로 83,1,수인,1,,0,35.91228139,128.817144
경북 구미시,P290349,짱구구미,경북 구미시 상사동로27길 2,1,태성,1,,0,36.1012141,128.3588853
대구 달서구,P291214,엔젤통신 성서점,대구 달서구 선원로 95,1,유모스트,1,,0,35.85933819,128.5029503
경남 거제시,P291422,빅텔레콤,경남 거제시 중곡로 13,1,에스엠,1,,0,34.89382708,128.6300904
경남 거제시,P291748,휴대폰쇼핑몰,경남 거제시 장평로 25,1,유모스트,1,,0,34.89101511,128.6145821
경북 김천시,P292047,김천텔레콤,경북 김천시 자산로 77-1,1,도매직영,1,,0,36.11926969,128.1232067
부산 영도구,P292236,다솔모바일,부산 영도구 태종로 318,1,메타,1,,0,35.0966606,129.0606193
경남 김해시,P292244,전국텔레콤,경남 김해시 활천로267번길 27-5,1,에스엠,1,,0,35.24520685,128.9081692
대구 수성구,P292555,장군통신,대구 수성구 천을로 181,1,유모스트,1,,0,35.84325675,128.7100832
경북 구미시,P292704,글로벌통신,경북 구미시 고아읍 문장로 205,1,유안,1,,0,36.15133831,128.3297815
경남 의령군,P293004,류모바일2호,경남 의령군 의령읍 의병로 223,1,태성,1,,0,35.3198347,128.2611343
경남 창원시,P293280,017 중앙직영점,경남 창원시 마산합포구 고운로 186-1,1,도매직영,1,,0,35.19822803,128.5623674
부산 사하구,P293434,(주)폰탑(장림점),부산 사하구 다대로 296,1,강산,1,,0,35.07589781,128.9762514
경북 포항시,P293959,응답하라,경북 포항시 북구 학전로 38,1,에스엠,1,,0,36.05608847,129.3745225
부산 사하구,P294042,대박감천,부산 사하구 감천로 40-1,1,빅뱅,1,,0,35.09083056,128.9970965
울산 울주군,P295155,해피텔레콤,울산 울주군 온양읍 솔밭1길 11-1,1,도매직영,1,,0,35.40805509,129.2873946
경남 창원시,P295345,와이에스,경남 창원시 마산회원구 내서읍 삼계로 12,1,도매직영,1,,0,35.232225,128.5034759
대구 군위군,P295705,휴대폰할인나라 군위통신,대구 군위군 군위읍 중앙길 23,1,뉴에이스,1,,0,36.23068848,128.5676241
경북 구미시,P295995,필형곡,경북 구미시 형곡서로 73,1,유안,1,,0,36.10871794,128.3344725
경북 경산시,P296296,제이와이통신,경북 경산시 대학로 315,1,빅뱅,1,,0,35.83856837,128.7556155
대구 동구,P296466,제로반야월,대구 동구 경안로 771,1,태성,1,,0,35.87116068,128.7135576
대구 달성군,P296698,언니현풍,대구 달성군 현풍면 현풍중앙로 65,1,태성,1,,0,35.69500781,128.4449135
경남 함안군,P297309,혜자텔레콤,경남 함안군 가야읍 함마대로 1636-16,1,도매직영,1,,0,35.27937953,128.4090351
경북 봉화군,P297462,T텔레콤,경북 봉화군 봉화읍 봉화로 1153,1,도매직영,1,,0,36.89119596,128.7360182
경남 진주시,P297528,금산오렌지통신,경남 진주시 금산면 중천로 84,1,도매직영,1,,0,35.21740303,128.1460575
경남 창원시,P297577,삼진통신,경남 창원시 마산합포구 진동면 삼진의거대로 618,1,도매직영,1,,0,35.11442191,128.4858964
울산 중구,P297664,샵텔레콤,울산 중구 우정3길 14,1,에스엠,1,,0,35.55916857,129.3110822
대구 달서구,P297761,금강산통신,대구 달서구 송현로7길 20,1,수인,1,,0,35.82091867,128.5463527
경북 포항시,P297778,퍼스트장성,경북 포항시 북구 대곡로 66,1,수인,1,,0,36.06903993,129.3729684
경남 창원시,P297897,에이비,경남 창원시 진해구 충장로505번길 19,1,도매직영,1,,0,35.14459894,128.7030885
경북 경산시,P297899,준정보통신,경북 경산시 진량읍 공단로 453,1,도매직영,1,,0,35.87209608,128.8186496
경북 영주시,P298272,영주휴대폰가게,경북 영주시 원당로223번길 72,1,공감,1,,0,36.83236174,128.6337773
부산 동래구,P298378,한빛정보통신,부산 동래구 명안로 13,1,도매직영,1,,0,35.19775256,129.1041698
경남 거제시,P298542,스마트샵,경남 거제시 옥포로 242,1,에스엠,1,,0,34.89642456,128.6905985
대구 북구,P298795,열매통신,대구 북구 학정로 430,1,뉴에이스,1,,0,35.94300044,128.5640547
부산 북구,P298963,(주)비에스모바일 화명동지점,부산 북구 화명신도시로 115,1,수석_경상,1,,0,35.23440249,129.0104414
울산 울주군,P299036,드림IT3호점,울산 울주군 범서읍 천상4길 12,1,에스엠,1,,0,35.56294961,129.226058
경남 창원시,P299657,마하나임 텔레콤,경남 창원시 진해구 충장로415번길 1,1,도매직영,1,,0,35.15155928,128.6966737
경북 안동시,P299660,정우텔레콤,경북 안동시 광명로 198,1,도매직영,1,,0,36.56360928,128.7046752
울산 남구,P299691,폰박3호,울산 남구 대학로 33,1,에스엠,1,,0,35.53896037,129.2560384
대구 북구,P299844,새드텔레콤_칠성,대구 북구 중앙대로 506,1,수인,1,,0,35.877769,128.595796
경북 포항시,P299907,에덴통신,경북 포항시 남구 문예로 123,1,도매직영,1,,0,36.01786848,129.3673978
경남 창원시,P300080,우리텔레콤,경남 창원시 성산구 가양로124번길 15,1,수인,1,,0,35.20804206,128.7075561
경남 창원시,P300144,감동대리점,경남 창원시 마산회원구 내서읍 호계본동로 18,1,에스엠,1,,0,35.26147662,128.522113
경북 울진군,P300383,화니통신,경북 울진군 북면 덕구온천로 46-8,1,수인,1,,0,37.10081375,129.3668535
대구 달서구,P300413,사계절통신_관문점,대구 달서구 월배로 462,1,수인,1,,0,35.8342031,128.5554666
경남 창원시,P300438,달링모바일,경남 창원시 의창구 사화로 76-1,1,에스엠,1,,0,35.25364506,128.6148943
경북 경주시,P300508,휴대폰백화점안강SK,경북 경주시 안강읍 비화동길 13-1,1,태성,1,,0,35.99084821,129.2253837
대구 달성군,P300528,태전통신,대구 달성군 구지면 과학마을로3길 1,1,공감,1,,0,35.8316156,128.5307753
울산 울주군,P300554,단비통신,울산 울주군 언양읍 동문길 73,1,유모스트,1,,0,35.56488445,129.1249119
부산 부산진구,P300585,땅파서폰파는집,부산 부산진구 중앙대로 786,1,메타,1,,0,35.16193623,129.0631676
울산 울주군,P301491,월드통신,울산 울주군 온양읍 온양로 157,1,유모스트,1,,0,35.4087714,129.2887194
경남 김해시,P302019,하늘통신,경남 김해시 왕릉길 4,1,에스엠,1,,0,35.23499824,128.8809139
대구 달서구,P302945,꽃길통신,대구 달서구 와룡로 124,1,마라톤,1,,0,35.84374589,128.5374999
울산 남구,P303272,부영통신,울산 남구 중앙로 255,1,에스엠,1,,0,35.54348348,129.310473
경북 포항시,P303599,퍼스트양덕,경북 포항시 북구 법원로 170,1,뉴에이스,1,,0,36.0898018,129.3880779
울산 남구,P303944,모바일#,울산 남구 월평로 158,1,유모스트,1,,0,35.54462874,129.3225726
대구 동구,P304722,시지정보통신,대구 동구 화랑로 123,1,빅뱅,1,,0,35.87379343,128.639786
대구 달성군,P304852,행복구지,대구 달성군 구지면 과학마을로2길 5-18,1,태성,1,,0,35.65527589,128.4167915
경북 상주시,P305052,한빛통신,경북 상주시 상산로 325,1,도매직영,1,,0,36.41990197,128.1589568
대구 중구,P305225,성창텔레콤,대구 중구 달구벌대로 지하 2100,1,에스엠,1,,0,35.86442132,128.5933408
대구 달서구,P305239,엔케이모바일,대구 달서구 성당로 1,1,마라톤,1,,0,35.83781522,128.557225
경북 고령군,P305505,(드)백억고령,경북 고령군 대가야읍 중앙로 2,1,수석_충청,1,,0,35.72984969,128.2681956
대구 서구,P307263,착한휴대폰,대구 서구 달서로 187,1,유모스트,1,,0,35.87892621,128.5710005
대구 동구,P307268,폰할인마트(신암점),대구 동구 아양로37길 59,1,에스엠,1,,0,35.88852976,128.6334209
경남 창원시,P307804,배티시티세븐,경남 창원시 성산구 원이대로 320,1,태성,1,,0,35.23966684,128.6544087
울산 중구,P307976,개꿀폰 중구점,울산 중구 구역전길 37,1,빅뱅,1,,0,35.55851713,129.3280686
경북 포항시,P310761,후니통신,경북 포항시 남구 오천읍 하원로47번길 10,1,뉴에이스,1,,0,35.97498546,129.4034084
경남 창원시,P310883,배티진해,경남 창원시 진해구 진해대로776번길 5,1,태성,1,,0,35.15793972,128.6999108
부산 금정구,P310978,폰마트(J.H컴퍼니),부산 금정구 서동로 150,1,에스엠,1,,0,35.21483633,129.102713
경북 경산시,P311156,무궁화 통신,경북 경산시 백자로20길 10,1,에스엠,1,,0,35.81916969,128.749156
대구 달서구,P311723,나무 모바일,대구 달서구 호산로 125,1,뉴에이스,1,,0,35.85023759,128.473679
부산 금정구,P312479,원(One) 텔레콤,부산 금정구 금강로 717,1,메타,1,,0,35.27155259,129.0887695
경남 진주시,P312519,반값통신,경남 진주시 대신로 297,1,유모스트,1,,0,35.18708021,128.1167121
경남 창원시,P312846,엠텔레콤,경남 창원시 마산합포구 3·15대로 105,1,에스엠,1,,0,35.18882165,128.5618527
경남 사천시,P313008,스마트텔레콤,경남 사천시 사천읍 읍내1길 88,1,도매직영,1,,0,35.08379588,128.0869665
대구 달성군,P313141,제니스 모바일,대구 달성군 논공읍 논공로 752,1,뉴에이스,1,,0,35.72926736,128.4455425
대구 동구,P313718,늘푸른율하,대구 동구 율하동로23길 18,1,유모스트,1,,0,35.87016339,128.7003518
울산 중구,P314045,반구.콩 텔레콤,울산 중구 화합로 380,1,유모스트,1,,0,35.55972413,129.3402499
부산 해운대구,P314090,SM텔레콤,부산 해운대구 선수촌로 101,1,강산,1,,0,35.20277232,129.1192414
경남 창원시,P314404,하람6호,경남 창원시 의창구 원이대로189번길 39,1,에스엠,1,,0,35.24954216,128.6464402
부산 사하구,P314816,명진텔레콤,부산 사하구 사하로141번길 20,1,유모스트,1,,0,35.09476456,128.9918078
부산 동래구,P315087,DJ텔레콤(디제이텔레콤),부산 동래구 여고북로 163,1,강산,1,,0,35.20207962,129.0737493
경남 진주시,P315493,굿럭통신,경남 진주시 금산면 금산로 80,1,서부모바일,1,,0,35.21452084,128.1452056
경북 문경시,P315585,미소텔레콤,경북 문경시 매봉2길 33,1,뉴에이스,1,,0,36.58582491,128.1856917
경남 창원시,P315809,JIN MOBILE SHOP(진모바일),경남 창원시 마산합포구 3·15대로 9,1,에스엠,1,,0,35.18131017,128.5581933
경남 양산시,P315969,브로 씨앤씨 2호점,경남 양산시 동면 금오13길 54,1,뉴에이스,1,,0,35.3204451,129.0247275
울산 동구,P315973,현대G정보통신,울산 동구 전하로 33,1,에스엠,1,,0,35.51249731,129.4270963
부산 동래구,P316172,에스텔안락,부산 동래구 충렬대로459번길 74-3,1,태성,1,,0,35.19797711,129.1105892
경북 경산시,P316715,가인정보통신,경북 경산시 하양읍 하양로 78,1,뉴에이스,1,,0,35.91172836,128.8169673
경남 김해시,P316805,찾폰샵,경남 김해시 능동로 31,1,메타,1,,0,35.19682354,128.7968195
부산 사상구,P317609,글로벌통신,부산 사상구 사상로 434,1,도매직영,1,,0,35.18319602,128.9865584
경남 양산시,P317803,TRY(트라이모바일),경남 양산시 신명로 82,1,태성,1,,0,35.38686745,129.1441748
경남 진주시,P318265,휴대폰스토어,경남 진주시 사들로 56,1,에스엠,1,,0,35.17268513,128.1490978
경북 경주시,P318360,LV통신,경북 경주시 원효로 128,1,에스엠,1,,0,35.84181738,129.2148118
경남 진주시,P318563,미소통신,경남 진주시 초전북로61번길 15-14,1,에스엠,1,,0,35.20967751,128.1124334
부산 해운대구,P318786,동보텔레콤 이마트점,부산 해운대구 좌동순환로 505,1,메타,1,,0,35.16566793,129.1682242
경북 상주시,P319224,상주착한통신,경북 상주시 삼백로 176,1,도매직영,1,,0,36.41866421,128.1629126
경남 양산시,P319242,휴대폰성지,경남 양산시 물금읍 청운로 181,1,에스엠,1,,0,35.31041924,128.9872767
경남 합천군,P319846,점프업,경남 합천군 합천읍 충효로 66,1,도매직영,1,,0,35.56626582,128.161267
울산 남구,P320808,메가폰 강남초점,울산 남구 중앙로166번길 52,1,에스엠,1,,0,35.537287,129.3193616
대구 달성군,P321610,더폰샵,대구 달성군 화원읍 화암로 71,1,수인,1,,0,35.79803567,128.4963016
경북 영주시,P321964,하나로텔레콤,경북 영주시 선비로 96,1,에스엠,1,,0,36.81365372,128.6232791
경남 남해군,P323013,폰파는신사,경남 남해군 남해읍 화전로 68-1,1,도매직영,1,,0,34.8373235,127.8943838
경남 창원시,P323052,모바일레시피,경남 창원시 성산구 동산로186번길 1,1,에스엠,1,,0,35.22400617,128.6953147
부산 사하구,P323360,부산휴대폰성지 폰톡 하단본점,부산 사하구 하신번영로 322,1,에스엠,1,,0,35.1096649,128.9591469
경북 칠곡군,P323855,(드)휴대폰쇼핑몰,경북 칠곡군 왜관읍 전원2길 6,1,공감,1,,0,35.98408113,128.3992038
경남 진주시,P323878,LH모바일(초전점),경남 진주시 초전북로52번길 31-17,1,도매직영,1,,0,35.20639698,128.1134922
부산 사하구,P324062,주원텔레콤,부산 사하구 장림번영로 20,1,수인,1,,0,35.08102058,128.967589
경남 밀양시,P325253,나로텔레콤(무안점),경남 밀양시 무안면 사명로 513-1,1,도매직영,1,,0,35.47051008,128.6519138
울산 북구,P325355,휴대폰백화점(청호정보통신),울산 북구 신답로 48,1,유모스트,1,,0,35.62915874,129.342986
대구 서구,P325792,비피텔레콤,대구 서구 국채보상로 307,1,공감,1,,0,35.87223298,128.5646891
대구 북구,P325803,애플태전,대구 북구 태전로 39,1,태성,1,,0,35.92382159,128.543912
울산 남구,P325847,만두모바일,울산 남구 신복로 24,1,유모스트,1,,0,35.54858814,129.2597864
경남 창원시,P326821,휴대폰백화점,경남 창원시 진해구 석동로 55,1,유모스트,1,,0,35.1556968,128.7046657
경북 문경시,P328063,해피텔(점촌점),경북 문경시 호서로 1,1,도매직영,1,,0,36.5953328,128.1980112
경북 문경시,P330053,희상통신,경북 문경시 상신로 1,1,뉴에이스,1,,0,36.59480639,128.1987723
경북 구미시,P330141,지니통신,경북 구미시 흥안로 8,1,뉴에이스,1,,0,36.14721582,128.4176119
경남 창원시,P330752,서진창원,경남 창원시 성산구 가양로136번길 4,1,에스엠,1,,0,35.2091725,128.7078727
경북 영덕군,P330757,강구통신,경북 영덕군 영덕읍 중앙길 108-6,1,도매직영,1,,0,36.41142932,129.368362
부산 연제구,P331798,부산-한배모바일,부산 연제구 연수로 221,1,수석_경상,1,,0,35.17374247,129.0950463
대구 남구,P332173,문모바일3,대구 남구 대명로 63,1,유모스트,1,,0,35.83955085,128.5643895
경북 경산시,P332231,오케이(OK)통신,경북 경산시 계양로8길 42,1,도매직영,1,,0,35.81713756,128.7516428
경남 하동군,P332985,다모아휴대폰,경남 하동군 진교면 민다리길 57,1,도매직영,1,,0,35.02700335,127.903417
부산 동구,P334862,유앤아이통신,부산 동구 진성로 15,1,빅뱅,1,,0,35.13013033,129.0476406
경북 포항시,P335802,나이스텔레콤,경북 포항시 북구 용두산길 31,1,유모스트,1,,0,36.0664553,129.3810679
부산 남구,P336612,지앤비4,부산 남구 진남로 165,1,도매직영,1,,0,35.14128852,129.0787381
경남 합천군,P339907,일등텔레콤_합천,경남 합천군 합천읍 동서로 63,1,뉴에이스,1,,0,35.56716982,128.1592661
부산 사하구,P340225,소세아통신,부산 사하구 다대로 263,1,빅뱅,1,,0,35.07882271,128.9777326
경남 창원시,P340886,한울텔레콤_용원점,경남 창원시 진해구 안골로 344,1,유모스트,1,,0,35.10165124,128.8101895
경남 밀양시,P341121,3남매 아빠폰가게,경남 밀양시 하남읍 시서상가길 2,1,수인,1,,0,35.37460698,128.7087037
경남 밀양시,P341126,휴대폰랜드,경남 밀양시 백민로 69,1,도매직영,1,,0,35.49860923,128.7464636
경남 양산시,P341135,부경텔레콤 덕계점,경남 양산시 덕계로 56,1,뉴에이스,1,,0,35.37303747,129.150161
대구 수성구,P341214,첼시통신,대구 수성구 상록로 70,1,공감,1,,0,35.86562668,128.6242486
경남 창원시,P341242,챔피언텔레콤,경남 창원시 마산회원구 회원남32길 2,1,빅뱅,1,,0,35.21710125,128.56222
대구 서구,P341607,바이셀서구,대구 서구 서대구로 193,1,에스엠,1,,0,35.87512491,128.5546154
부산 서구,P342502,대동정보통신,부산 서구 천마로 198-2,1,유모스트,1,,0,35.0931984,129.0220838
울산 중구,P342588,티엠(TM)모바일,울산 중구 함월6길 63,1,유모스트,1,,0,35.57485114,129.3080229
대구 달서구,P342589,서하네폰가게두류,대구 달서구 야외음악당로39길 54,1,에스엠,1,,0,35.85415117,128.5543396
부산 북구,P342994,애드앤샵,부산 북구 은행나무로 13,1,에스엠,1,,0,35.20827451,129.0376285
경북 경주시,P343196,썸 2호점,경북 경주시 건천읍 내서로 1134,1,뉴에이스,1,,0,35.84795553,129.104414
경남 김해시,P343255,이즈앱,경남 김해시 해반천로168번길 10,1,뉴에이스,1,,0,35.26303977,128.8683218
대구 북구,P345524,모바일샵 동천,대구 북구 동암로 90,1,에스엠,1,,0,35.94413787,128.5603226
경남 양산시,P346427,휴대폰365아울렛,경남 양산시 소주로 7,1,에스엠,1,,0,35.41077979,129.1645304
대구 북구,P346646,모바일샵 보건대점,대구 북구 칠곡중앙대로69길 5,1,뉴에이스,1,,0,35.92658685,128.5467312
경남 창원시,P347978,주식회사 기분좋은대리점,경남 창원시 의창구 동읍 용정길46번길 20,1,유모스트,1,,0,35.27688843,128.7044098
대구 달서구,P349323,더원모바일,대구 달서구 상인서로 103-5,1,수인,1,,0,35.81810465,128.5398374
울산 남구,P350524,진주통신,울산 남구 수암로 126-1,1,유모스트,1,,0,35.52766381,129.320744
경북 영주시,P351643,더드림텔레콤,경북 영주시 중앙로 99-1,1,뉴에이스,1,,0,36.82420468,128.6253312
경남 거창군,P351749,수승통신,경남 거창군 거창읍 아림로 29-1,1,수석_호남,1,,0,35.68574068,127.9106214
경북 구미시,P352333,럭키모바일,경북 구미시 신비로 95,1,공감,1,,0,36.12078263,128.371934
경남 사천시,P352490,샵텔레콤,경남 사천시 벌리로 15,1,에스엠,1,,0,34.93874914,128.0813384
경남 합천군,P352578,해맞이통신,경남 합천군 합천읍 대야로 891,1,뉴에이스,1,,0,35.56804045,128.1630424
울산 남구,P353037,두리텔레콤,울산 남구 돋질로 73,1,유모스트,1,,0,35.53867972,129.3138179
경북 안동시,P353169,경안통신,경북 안동시 대안로 145-1,1,뉴에이스,1,,0,36.56485218,128.7288768
경남 창원시,P353542,나은,경남 창원시 마산합포구 3·15대로 228,1,빅뱅,1,,0,35.19842172,128.567442
부산 수영구,P353925,세방모바일,부산 수영구 수영로 776,1,도매직영,1,,0,35.16651316,129.122039
부산 금정구,P354484,원텔레콤,부산 금정구 팔송로18번길 2,1,유모스트,1,,0,35.27223795,129.0907067
경남 고성군,P354513,공룡모바일,경남 고성군 고성읍 중앙로43번길 73-13,1,태성,1,,0,34.97763047,128.3255179
경북 김천시,P354540,오케이정보통신,경북 김천시 시청로 98,1,유모스트,1,,0,36.13702591,128.1173583
경남 창원시,P355419,컴퓨터 프라자,경남 창원시 의창구 명지로103번길 2,1,에스엠,1,,0,35.24802431,128.6491478
대구 달서구,P355871,바른통신,대구 달서구 달구벌대로 1666,1,공감,1,,0,35.85404098,128.548519
부산 연제구,P356097,오백텔레콤,부산 연제구 중앙대로 1197,1,에스엠,1,,0,35.19353414,129.077938
대구 동구,P356601,OK각산,대구 동구 반야월북로 168,1,마라톤,1,,0,35.87290149,128.7158791
부산 동래구,P356784,주식회사 오렌지모바일,부산 동래구 중앙대로 1523,1,도매직영,1,,0,35.22117195,129.0855226
경남 창원시,P357084,휴대폰성지 폰폰폰 진해 장천점,경남 창원시 진해구 충장로657번길 20,1,태성,1,,0,35.13057375,128.7057356
대구 동구,P357235,쌍용통신,대구 동구 동촌로 248,1,가본,1,,0,35.8805988,128.6667995
경북 김천시,P358114,굿대디,경북 김천시 송설로 126-2,1,유안,1,,0,36.12363632,128.0982652
대구 달서구,P358203,1신월성,대구 달서구 조암로 1,1,태성,1,,0,35.82567874,128.5297091
부산 해운대구,P358501,휴대폰주민센터 우동점,부산 해운대구 우동2로 59,1,에스엠,1,,0,35.16848036,129.1566913
경남 사천시,P358589,찬솔텔레콤,경남 사천시 삼상로 119-1,1,에스엠,1,,0,34.93866481,128.0880866
대구 달성군,P358634,에스에이치,대구 달성군 다사읍 세천본길 45,1,유안,1,,0,35.87606579,128.4780819
부산 남구,P358964,부산-서영모바일,부산 남구 수영로 30-1,1,수석_경상,1,,0,35.13638023,129.0713273
대구 수성구,P359095,결정통신,대구 수성구 지범로39길 11-4,1,유모스트,1,,0,35.82071721,128.6418445
경남 밀양시,P359345,스피드밀양,경남 밀양시 석정로 26-1,1,에스엠,1,,0,35.49222243,128.7517044
경남 창원시,P359641,휴대폰1번지,경남 창원시 마산회원구 양덕옛2길 16,1,도매직영,1,,0,35.22878586,128.5768768
대구 동구,P359769,팔색조_분홍,대구 동구 동촌로 226,1,에스엠,1,,0,35.88153363,128.6646754
경남 창원시,P360919,큰 텔레콤,경남 창원시 마산합포구 중앙동3길 26,1,태성,1,,0,35.19479692,128.5683827
경북 포항시,P361075,한스통신,경북 포항시 남구 중앙로 70,1,유모스트,1,,0,36.01943645,129.3698794
경남 양산시,P361439,원스텔레콤,경남 양산시 물금읍 물금로 75,1,에스엠,1,,0,35.31299194,128.9896498
부산 남구,P361569,이앤박,부산 남구 수영로 17,1,에스엠,1,,0,35.13722568,129.0697362
울산 중구,P361942,한결통신,울산 중구 내황2길 11,1,에스엠,1,,0,35.55350673,129.3417866
부산 사하구,P361954,OK텔레콤,부산 사하구 윤공단로 12,1,도매직영,1,,0,35.05481643,128.9693064
대구 동구,P362228,천통신,대구 동구 안심로22길 60-17,1,수인,1,,0,35.86283612,128.6956996
경남 창원시,P362530,광_석전3호,경남 창원시 마산회원구 삼호로 185,1,수인,1,,0,35.22892534,128.5735348
경남 창원시,P362531,광_소답,경남 창원시 의창구 의창대로247번길 35,1,태성,1,,0,35.26484841,128.6250993
경북 안동시,P363270,폰판다,경북 안동시 강남1길 145-12,1,도매직영,1,,0,36.54945583,128.7357168
대구 달서구,P364290,혁명,대구 달서구 갈밭로 12,1,에스엠,1,,0,35.80106692,128.5323889
경북 포항시,P364646,착한핸드폰(장성점),경북 포항시 북구 새천년대로1249번길 22,1,도매직영,1,,0,36.0759027,129.3831132
부산 영도구,P364748,찬이모바일,부산 영도구 태종로 387,1,메타,1,,0,35.0925863,129.0658246
대구 달성군,P364936,제이유,대구 달성군 옥포읍 돌미로 52,1,유모스트,1,,0,35.77955155,128.4399682
대구 동구,P365016,다진하이킥,대구 동구 율하동로27길 22,1,태성,1,,0,35.87213679,128.7001147
부산 해운대구,P365125,에스엠 모바일 센텀,부산 해운대구 센텀중앙로 142,1,빅뱅,1,,0,35.17950161,129.1232765
경남 창원시,P365270,주식회사 태산코퍼레이션,경남 창원시 의창구 북면 감계로110번길 57,1,태성,1,,0,35.30153805,128.5930943
경남 거제시,P365420,위너텔레콤,경남 거제시 중곡로7길 12,1,태성,1,,0,34.89699573,128.6276728
부산 사하구,P365432,우리동네전화국,부산 사하구 다대로277번길 6,1,유모스트,1,,0,35.07735762,128.9777559
경남 창원시,P366013,나팀장휴대폰,경남 창원시 성산구 마디미로 28,1,에스엠,1,,0,35.22221487,128.68338
경남 김해시,P366060,총각네폰가게,경남 김해시 해반천로 254,1,에스엠,1,,0,35.27022991,128.865469
경남 창원시,P366216,준 모바일,경남 창원시 성산구 상남로 38,1,에스엠,1,,0,35.21754847,128.678193
대구 수성구,P366435,멜로디모바일,대구 수성구 신매로 71,1,유모스트,1,,0,35.83599217,128.7064474
부산 금정구,P366768,휴대폰주민센터 남산점,부산 금정구 금강로 694,1,에스엠,1,,0,35.26943292,129.0894219
경남 함안군,P367378,착한폰마트,경남 함안군 군북면 함마대로 850-1,1,뉴에이스,1,,0,35.26329772,128.3498309
경북 경산시,P368364,빛나통신,경북 경산시 경안로 179,1,뉴에이스,1,,0,35.82334518,128.7371652
대구 북구,P368452,명산모바일,대구 북구 산격로 85,1,유모스트,1,,0,35.89794045,128.6062514
경북 의성군,P368753,서현통신,경북 의성군 안계면 안계시장길 57,1,공감,1,,0,36.38569675,128.4365031
부산 연제구,P368820,오마이스타일,부산 연제구 과정로 193,1,도매직영,1,,0,35.18763782,129.1060601
대구 달서구,P369798,스마트폰면세점_대구,대구 달서구 월배로 495-1,1,유모스트,1,,0,35.83719084,128.5568816
부산 금정구,P369994,에이스네트웍스,부산 금정구 서동로 77,1,에스엠,1,,0,35.21747447,129.0957083
대구 달성군,P369998,스마일현풍,대구 달성군 유가읍 테크노상업로 112,1,유모스트,1,,0,35.69325352,128.4619239
대구 북구,P370142,비오모바일,대구 북구 동북로 211,1,수인,1,,0,35.89749507,128.61553
울산 남구,P370196,어썸모바일,울산 남구 삼산중로128번길 21,1,유모스트,1,,0,35.54504549,129.3375891
부산 부산진구,P370432,글로벌,부산 부산진구 중앙대로 지하 737,1,에스엠,1,,0,35.16023309,129.0611055
경남 사천시,P371241,갈렙종합상사(포니텔레콤),경남 사천시 벌리로 20,1,서부모바일,1,,0,34.9384409,128.0818827
경남 창원시,P371490,필모바일,경남 창원시 성산구 창이대로695번길 12-5,1,에스엠,1,,0,35.22329771,128.7023653
경남 김해시,P371505,성지,경남 김해시 두곡로 15,1,에스엠,1,,0,35.27228429,128.8659742
부산 해운대구,P371817,한나네폰가게,부산 해운대구 아랫반송로21번길 27,1,도매직영,1,,0,35.2260698,129.1483762
부산 동구,P371837,어매이징액정 태준모바일,부산 동구 중앙대로361번길 31,1,빅뱅,1,,0,35.12880603,129.0463357
대구 중구,P372104,대일남산,대구 중구 중앙대로 291,1,뉴에이스,1,,0,35.85924395,128.5914866
경북 포항시,P372331,더나눔,경북 포항시 북구 흥해읍 초곡지구로83번길 4,1,유모스트,1,,0,36.09398664,129.3403335
울산 남구,P372852,코어와이피,울산 남구 북부순환도로 29,1,유모스트,1,,0,35.55220226,129.2668388
경남 사천시,P373182,요기폰 사천점,경남 사천시 정동면 진삼로 1412,1,태성,1,,0,35.07737128,128.0853591
경남 창원시,P373499,주식회사 광모바일 양덕점,경남 창원시 마산회원구 삼호로 185,1,에스엠,1,,0,35.22892534,128.5735348
경남 양산시,P374566,케이에스모바일,경남 양산시 덕명로 15,1,유모스트,1,,0,35.37094993,129.1620649
대구 서구,P375469,자유내당,대구 서구 달서로 18,1,태성,1,,0,35.8639323,128.5716904
울산 남구,P375561,제이엠 GS,울산 남구 동산로 34,1,에스엠,1,,0,35.53598119,129.2992548
부산 기장군,P376848,현텔레콤,부산 기장군 기장읍 차성로 339,1,도매직영,1,,0,35.248056,129.2134041
경북 경주시,P377065,폰에반하다_안강,경북 경주시 안강읍 안강중앙로 240-1,1,뉴에이스,1,,0,35.99164888,129.226227
대구 중구,P377244,㈜제이제이컴퍼니,대구 중구 동성로1길 59,1,수인,1,,0,35.86579395,128.5965773
경남 창원시,P377477,해밀통신,경남 창원시 마산합포구 진동면 진북산업로 41,1,도매직영,1,,0,35.11979068,128.487847
경북 영천시,P377674,JH컴퍼니_영천,경북 영천시 동부로 50,1,에스엠,1,,0,35.97460533,128.948297
부산 수영구,P377760,바른모바일 2호점,부산 수영구 광일로 29-1,1,에스엠,1,,0,35.16226154,129.1108967
대구 북구,P378174,초코통신,대구 북구 동변로 55,1,공감,1,,0,35.91678878,128.6024235
부산 수영구,P378513,엘엔디컴퍼니 수영지사,부산 수영구 감포로 2,1,에스엠,1,,0,35.15885003,129.1210679
부산 동래구,P378601,땅폰동래점,부산 동래구 충렬대로249번길 1,1,강산,1,,0,35.20141872,129.0863865
부산 부산진구,P378734,샵블루,부산 부산진구 백양관문로 3,1,메타,1,,0,35.15944077,129.0311578
경남 창원시,P378786,현진정보,경남 창원시 진해구 충장로 446,1,도매직영,1,,0,35.14916687,128.6980766
대구 북구,P378872,유코아통신,대구 북구 칠곡중앙대로53길 17-4,1,뉴에이스,1,,0,35.91843087,128.5444646
경북 문경시,P378885,파란모바일_문경,경북 문경시 문경읍 문희로 24,1,뉴에이스,1,,0,36.73442285,128.1086644
대구 북구,P379005,배칠곡,대구 북구 동천로23길 14,1,수인,1,,0,35.94230418,128.5591689
경남 김해시,P379170,하나로통신 삼안점,경남 김해시 삼안로 263-1,1,에스엠,1,,0,35.25142225,128.9095015
대구 서구,P379239,서대구통신,대구 서구 서대구로62길 74,1,수인,1,,0,35.88689461,128.5644553
경북 포항시,P379335,본진커뮤니케이션,경북 포항시 남구 상도로 33-1,1,뉴에이스,1,,0,36.01231744,129.3530899
부산 금정구,P379592,휴대폰주민센터 두실점,부산 금정구 중앙대로1929번길 14,1,에스엠,1,,0,35.25661453,129.0904851
부산 부산진구,P379688,케이엠컴퍼니,부산 부산진구 서면로 51,1,뉴에이스,1,,0,35.15541334,129.057564
경북 상주시,P379984,스피드_함창,경북 상주시 함창읍 함창중앙로 127,1,뉴에이스,1,,0,36.56948838,128.178289
부산 동구,P381125,엘엔디컴퍼니 수정지사,부산 동구 중앙대로371번길 27,1,태성,1,,0,35.1293056,129.0472183
경남 함안군,P381323,원모바일,경남 함안군 칠원읍 호암길 22,1,도매직영,1,,0,35.27525652,128.5210964
대구 달서구,P381792,정직한 통신,대구 달서구 진천로8길 45,1,에스엠,1,,0,35.8128133,128.5276718
부산 북구,P381813,타이거부산,부산 북구 백양대로 1096,1,뉴에이스,1,,0,35.20236076,128.999449
대구 달서구,P382180,연우모바일 성서,대구 달서구 호산로27길 10,1,에스엠,1,,0,35.85217332,128.4769565
부산 금정구,P382231,유진 네트웍스 부대점,부산 금정구 부산대학로 33-7,1,유모스트,1,,0,35.23081891,129.0877181
경남 통영시,P382276,엘피스 텔레콤,경남 통영시 무전5길 3,1,도매직영,1,,0,34.86032531,128.4260971
울산 중구,P382513,조이,울산 중구 반구정12길 27,1,유모스트,1,,0,35.55705621,129.3445231
경북 구미시,P382570,펀통신,경북 구미시 경은로 20,1,유안,1,,0,36.11495999,128.3371368
부산 서구,P382895,주울모바일,부산 서구 구덕로 205,1,수석_경상,1,,0,35.10295627,129.0197377
경남 진주시,P382944,(강남동)휴대폰아울렛,경남 진주시 진주대로 907-1,1,도매직영,1,,0,35.18135131,128.0897296
대구 동구,P384164,1986모바일,대구 동구 동북로71길 43,1,에스엠,1,,0,35.88981608,128.6318009
경남 창원시,P384186,주식회사 배티 안민점,경남 창원시 성산구 안민안길5번길 10,1,태성,1,,0,35.18639991,128.6900279
경남 통영시,P384274,라임모바일,경남 통영시 북신로 22,1,도매직영,1,,0,34.85309791,128.426995
대구 서구,P384293,대도통신,대구 서구 팔달로 200,1,에스엠,1,,0,35.88806945,128.5716785
울산 남구,P384431,노랑2,울산 남구 도산로107번길 15-1,1,에이스,1,,0,35.53153932,129.3281533
경북 청도군,P384518,카페통신,경북 청도군 청도읍 청화로 182-1,1,에스엠,1,,0,35.6421813,128.7446328
부산 수영구,P385134,제로통신,부산 수영구 광남로 187,1,메타,1,,0,35.15763588,129.1199482
경남 진주시,P385185,휴대폰아울렛봉곡,경남 진주시 창렬로 63,1,에스엠,1,,0,35.19410336,128.0692051
대구 남구,P385410,송이통신,대구 남구 명덕로 102,1,유모스트,1,,0,35.85675181,128.5812663
경남 창원시,P385937,창동텔레콤,경남 창원시 마산합포구 창동거리길 50,1,태성,1,,0,35.20533703,128.5748712
대구 북구,P386967,좋은통신,대구 북구 팔달로 189,1,에스엠,1,,0,35.88860965,128.5707377
경북 포항시,P387278,크로스,경북 포항시 북구 중앙상가길 61-1,1,수인,1,,0,36.04021352,129.3658545
경남 창원시,P391177,행복한텔레콤,경남 창원시 마산회원구 내서읍 삼계로 35,1,에스엠,1,,0,35.23170225,128.500799
대구 동구,P391588,(셀)휴대폰성지_대구율하점,대구 동구 율하동로 32,1,유모스트,1,,0,35.86244056,128.7016035
대구 북구,P392025,휴대폰파는총각 칠곡3지구점,대구 북구 동천동,1,뉴에이스,1,,0,35.93724756,128.5581677
경남 진주시,P394863,진주스마트폰닥터,경남 진주시 남강로659번길 6,1,도매직영,1,,0,35.19149169,128.0838002
경남 창원시,P398528,광5호,경남 창원시 마산회원구 석전동로 13,1,수인,1,,0,35.23171883,128.5753479
대구 수성구,P403614,옆커폰중동,대구 수성구 청수로 26,1,태성,1,,0,35.8404965,128.6109535
울산 북구,P405839,이니모바일,울산 북구 신천로 60,1,유모스트,1,,0,35.64381755,129.3516514
울산 동구,P410617,이앤정텔레콤,울산 동구 월봉로 56,1,도매직영,1,,0,35.49412825,129.4243838
울산 울주군,P412762,포동이,울산 울주군 온양읍 온양로 205,1,메타,1,,0,35.40852738,129.2930788
대구 달서구,P419103,알뜰폰성지,대구 달서구 달구벌대로 1467,1,에스엠,1,,0,35.84945361,128.5274058
부산 금정구,P423159,휴대펀성지 백디씨 부곡점,부산 금정구 동현로 23,1,에스엠,1,,0,35.22331934,129.0911491
부산 부산진구,P426546,(셀)휴대폰성지_진구점,부산 부산진구 가야대로 705,1,수석_경상,1,,0,35.15788057,129.0478699
경북 포항시,P430584,알뜰한폰 으뜸통신 흥해점,경북 포항시 북구 흥해읍 흥해로 59,1,수인,1,,0,36.11001064,129.3474568
경남 거제시,P433714,휴대폰창고,경남 거제시 거제중앙로 1886,1,에스엠,1,,0,34.88656775,128.6242361
경남 김해시,P441047,H.에스폰,경남 김해시 함박로101번길 10,1,뉴에이스,1,,0,35.23521362,128.8646582
부산 사하구,P442802,더폰샵 하단점,부산 사하구 낙동대로 486-1,1,에스엠,1,,0,35.10810965,128.9674836
경남 진주시,P447693,휴대폰성지 폰방긋,경남 진주시 대신로475번길 16-17,1,에스엠,1,,0,35.20316015,128.1142282
경남 진주시,P453010,제이에스모바일,경남 진주시 가좌길74번길 13,1,에스엠,1,,0,35.15971404,128.1069818
대구 달서구,P454069,주식회사흥화_판매점,대구 달서구 성서서로69길 54,1,뉴에이스,1,,0,35.8560336,128.4966893
울산 남구,P454275,울산개꿀폰,울산 남구 중앙로 46,1,유모스트,1,,0,35.52557722,129.3179575
경북 칠곡군,P454523,별빛,경북 칠곡군 왜관읍 중앙로 180,1,공감,1,,0,35.99090586,128.3997181
부산 남구,P455857,원조폰대연,부산 남구 수영로250번길 21-4,1,에스엠,1,,0,35.13461466,129.0949672
울산 중구,P471862,바른통신,울산 중구 다운로 117,1,유모스트,1,,0,35.56310998,129.2667051
대구 수성구,P472844,휴대폰성지 최싸폰_시지점,대구 수성구 달구벌대로 3122,1,에스엠,1,,0,35.84198938,128.6985684
경남 진주시,P474903,휴대폰성지 최싸폰 가호점,경남 진주시 관문로 4,1,에스엠,1,,0,35.15226445,128.1177855
경남 창원시,P478552,이씨통신,경남 창원시 진해구 냉천로 54,1,공감,1,,0,35.15151285,128.7034106
경남 창원시,P480118,이레통신,경남 창원시 성산구 원이대로580번길 16,1,에스엠,1,,0,35.22710672,128.6771588
대구 동구,P481999,스마트모바일 신암점,대구 동구 신암로 132,1,유모스트,1,,0,35.87997184,128.6127058
울산 동구,P482759,휴대폰성지_폰다,울산 동구 꽃바위로 255,1,유모스트,1,,0,35.48291854,129.4173083
대구 서구,P483687,옆커폰서구,대구 서구 당산로 446,1,태성,1,,0,35.8762257,128.5472716
부산 북구,P486835,휴대폰성지,부산 북구 덕천로 280,1,유모스트,1,,0,35.20951241,129.0344689
대구 북구,P488960,미산통신,대구 북구 칠곡중앙대로 337-1,1,유모스트,1,,0,35.92408174,128.5432539
부산 남구,P492607,옆커폰부산대연,부산 남구 수영로 194,1,태성,1,,0,35.13452139,129.0934765
경남 김해시,P494399,히어로 모바일,경남 김해시 해반천로144번길 13,1,에스엠,1,,0,35.26127559,128.868673
경남 진주시,P495500,바이셀폰 진주 금산점,경남 진주시 금산면 중천로 80,1,태성,1,,0,35.2176367,128.1457467
경남 창원시,P497190,마산글로벌,경남 창원시 마산회원구 3·15대로 698,1,뉴에이스,1,,0,35.23463191,128.5800401
경북 포항시,P498374,옆커폰 포항 상도,경북 포항시 남구 상공로 29,1,유모스트,1,,0,36.01140207,129.355684
경남 통영시,P500403,하이통신,경남 통영시 북신로 22,1,도매직영,1,,0,34.85309791,128.426995
경남 김해시,P503635,에이피컴퍼니,경남 김해시 삼안로195번길 46,1,강산,1,,0,35.24509761,128.9071931
부산 북구,P506340,디디컴퍼니(미소화명점),부산 북구 금곡대로 238,1,에스엠,1,,0,35.22939174,129.0128388
경북 경주시,P508200,폰파는녀석들 경주용황점,경북 경주시 용황로 91-2,1,유모스트,1,,0,35.88328026,129.2283138
경남 양산시,P510769,휴대폰성지 최싸폰 남부점,경남 양산시 장터3길 8,1,에스엠,1,,0,35.34584237,129.0408712
경남 창원시,P512086,(셀)휴대폰성지_석동점,경남 창원시 진해구 진해대로 762,1,수석_경상,1,,0,35.15816462,128.6987576
경북 영양군,P512231,영양_시온통신,경북 영양군 영양읍 중앙로 142,1,도매직영,1,,0,36.66588448,129.1145982
경북 안동시,P514134,다쏜다 휴대폰성지 하나로마트 안동송현,경북 안동시 경동로 220,1,뉴에이스,1,,0,36.57321149,128.6851922
대구 달성군,P517777,휴대폰파는총각 화원명곡점,대구 달성군 화원읍 명곡로 4,1,뉴에이스,1,,0,35.79939725,128.4956269
경북 경산시,P518238,옆커폰 성지 경산사동점,경북 경산시 백자로10길 3-11,1,골드스타,1,,0,35.81935737,128.7542206
대구 서구,P531732,휴대폰파는총각 두류점,대구 서구 서대구로 38,1,수인,1,,0,35.86129986,128.5570084
경북 포항시,P534998,구룡포통신,경북 포항시 남구 구룡포읍 구룡포길 64-1,1,도매직영,1,,0,35.98993108,129.5532234
경남 창원시,P539952,진해통신,경남 창원시 진해구 벚꽃로 71,1,도매직영,1,,0,35.15185289,128.6635561
경남 진주시,P543033,더(THE)폰,경남 진주시 모덕로306번길 20,1,도매직영,1,,0,35.18736069,128.1274318
부산 부산진구,P546592,코코컴퍼니,부산 부산진구 당감로 51-3,1,유모스트,1,,0,35.16631374,129.0388614
경남 진주시,P546894,새폰 중고폰 진주점,경남 진주시 동진로 204-1,1,에스엠,1,,0,35.17963675,128.1135115
경북 경산시,P555544,요기통신,경북 경산시 진량읍 해든길 7,1,뉴에이스,1,,0,35.87415832,128.8174674
부산 사하구,P556016,하랑에이스모바일,부산 사하구 다대로277번길 24,1,도매직영,1,,0,35.07711297,128.97855
울산 남구,P557453,울산옆커폰달동점,울산 남구 번영로107번길 23,1,강산,1,,0,35.5341638,129.3264844
부산 동래구,P557691,만세통신 온천점,부산 동래구 아시아드대로 202,1,메타,1,,0,35.20229712,129.0663851
경남 김해시,P559437,해삼통신,경남 김해시 분성로335번길 5-1,1,태성,1,,0,35.23416737,128.8826336
대구 달성군,P562726,히든통신,대구 달성군 다사읍 세천남로 8,1,수인,1,,0,35.87352922,128.4771728
대구 중구,P563799,휴대폰성지 청라언덕 남산점,대구 중구 재마루길 74,1,마라톤,1,,0,35.86439896,128.5844581
부산 부산진구,P565186,스누피모바일,부산 부산진구 당감서로80번길 9,1,메타,1,,0,35.16756862,129.0373885
부산 사하구,P573108,새마을통신 괴정점,부산 사하구 낙동대로 193,1,메타,1,,0,35.1008133,128.9955767
경북 안동시,P574554,나도텔레콤,경북 안동시 광명로 178,1,뉴에이스,1,,0,36.56292367,128.702388
대구 남구,P579820,옆커폰교대,대구 남구 중앙대로 219-1,1,태성,1,,0,35.85290488,128.5903338
경북 구미시,P580009,최싸폰,경북 구미시 봉곡남로20길 4,1,에스엠,1,,0,36.15019215,128.3147348
울산 중구,P580593,울산모바일,울산 중구 동천2길 20,1,뉴에이스,1,,0,35.5820543,129.3467901
울산 중구,P582127,휴대폰성지 다폰,울산 중구 병영로 11,1,유모스트,1,,0,35.57030028,129.3459564
울산 동구,P588494,몽,울산 동구 화문로 46,1,유모스트,1,,0,35.48405803,129.4139286
대구 서구,P595053,매니아통신,대구 서구 서대구로 180,1,뉴에이스,1,,0,35.87401537,128.5552247
대구 수성구,P596229,옆커폰 범어점,대구 수성구 동대구로 300,1,태성,1,,0,35.85555813,128.6220762
부산 해운대구,P596981,휴대폰성지 킹 반여점,부산 해운대구 반여로 42,1,빅뱅,1,,0,35.1957283,129.12181
부산 수영구,P597257,주식회사_푸컴퍼니,부산 수영구 광남로 224,1,에스엠,1,,0,35.15873465,129.1232506
부산 수영구,P599053,청아모바일,부산 수영구 수영로 637,1,에스엠,1,,0,35.16272189,129.1139424
부산 부산진구,P607476,로랑,부산 부산진구 성지로 112,1,태성,1,,0,35.18010135,129.0519154
경남 창원시,P608365,성지폰,경남 창원시 성산구 용지로 64,1,에스엠,1,,0,35.22168087,128.6760246
대구 달서구,P620107,옆커폰송현,대구 달서구 송현동길 9,1,수인,1,,0,35.83010403,128.5501451
대구 남구,P621699,성지대명,대구 남구 대명로 74,1,뉴에이스,1,,0,35.83901115,128.5658078
대구 동구,P638821,당근통신,대구 동구 효목로 100,1,태성,1,,0,35.88130396,128.643292
부산 사상구,P640436,오빠덕포,부산 사상구 사상로 300,1,태성,1,,0,35.17163175,128.9836872
경남 양산시,P641086,선아모바일,경남 양산시 연호로 65,1,뉴에이스,1,,0,35.41451743,129.1769922
부산 부산진구,P645998,해성모바일,부산 부산진구 가야공원로14번길 73,1,에스엠,1,,0,35.1519738,129.0256251
부산 부산진구,P647769,미래통신,부산 부산진구 가야대로 525,1,에스엠,1,,0,35.1537853,129.0294492
부산 사상구,P652132,에이모바일,부산 사상구 사상로202번길 5,1,메타,1,,0,35.16342938,128.9845646
부산 영도구,P653027,다온휴대전화,부산 영도구 한결길 17,1,에스엠,1,,0,35.09157644,129.0450473
경북 경산시,P657251,막강텔레콤,경북 경산시 압량읍 압독3로 11,1,유모스트,1,,0,35.84086149,128.7638202
울산 중구,P667350,진텔레콤,울산 중구 학성로 79,1,에스엠,1,,0,35.55511532,129.3197209
경북 구미시,P671047,휴대폰파는총각 옥계점,경북 구미시 옥계북로 39,1,수인,1,,0,36.13846177,128.4218489
부산 부산진구,P675252,휴대폰성지 부산서면,부산 부산진구 동천로 53,1,빅뱅,1,,0,35.15357233,129.0621219
경남 거제시,P676718,주민폰센터,경남 거제시 옥포성안로 64,1,유모스트,1,,0,34.89205176,128.694886
경북 구미시,P678643,메이저통신,경북 구미시 옥계북로 19,1,수인,1,,0,36.13864522,128.4197924
대구 달서구,P686047,직폰_장기점,대구 달서구 장기로 249,1,유모스트,1,,0,35.84097629,128.5430942
부산 사하구,P691394,쏭쏭모바일,부산 사하구 옥천로 2,1,강산,1,,0,35.0878828,129.0052619
부산 사상구,P695133,리본 모바일,부산 사상구 가야대로 282,1,메타,1,,0,35.15024177,129.0035026
울산 동구,P704891,옆커폰성지 울산전하점,울산 동구 진성13길 67,1,수인,1,,0,35.50917952,129.426267
부산 사상구,P706563,빅뽀텔레콤,부산 사상구 사상로238번길 37,1,태성,1,,0,35.1664289,128.9848259
경북 경산시,P707781,폰마트,경북 경산시 장산로 145,1,수인,1,,0,35.81863245,128.7409892
대구 수성구,P708369,정도컴퍼니,대구 수성구 용학로 192,1,마라톤,1,,0,35.82191603,128.6295016
경북 경산시,P712269,휴대폰파는총각 신대점,경북 경산시 압량읍 압독3로 27,1,수인,1,,0,35.84216648,128.7646677
부산 북구,P715608,원텔레콤,부산 북구 백양대로1015번길 14-7,1,에스엠,1,,0,35.19691557,128.9942412
경남 거제시,P717854,지케이에스모바일,경남 거제시 거제대로 3726,1,유모스트,1,,0,34.88942177,128.6910501
경남 사천시,P719082,초목통신,경남 사천시 정동면 반룡1로 52,1,유모스트,1,,0,35.06346471,128.0850528
경북 안동시,P727637,한미통신,경북 안동시 문화광장길 18,1,뉴에이스,1,,0,36.56400906,128.7305613
부산 사상구,P728742,하백컴퍼니,부산 사상구 모라로 116,1,강산,1,,0,35.18586268,128.9922675
경남 진주시,P729779,아애롱딴 모바일샵,경남 진주시 동진로 204,1,도매직영,1,,0,35.17960818,128.113315
부산 연제구,P735536,배산JK,부산 연제구 연수로 218,1,뉴에이스,1,,0,35.17343765,129.0945334
경북 안동시,P742057,옆커폰안동옥동,경북 안동시 경북대로 408,1,태성,1,,0,36.56559411,128.7001184
대구 중구,P747446,휴대폰성지 람보통신_대구,대구 중구 달구벌대로 1943,1,뉴에이스,1,,0,35.86361997,128.576867
대구 수성구,P748094,휴대폰성지 람보통신 수성점,대구 수성구 명덕로 472,1,뉴에이스,1,,0,35.85555813,128.6220762
부산 강서구,P754375,띠링,부산 강서구 명지오션시티10로 114,1,메타,1,,0,35.08633055,128.9081799
부산 해운대구,P755646,해운대휴대폰,부산 해운대구 해운대로 789,1,에스엠,1,,0,35.16939391,129.1748948
경북 칠곡군,P756112,왜관휴대폰,경북 칠곡군 왜관읍 중앙로 204,1,수인,1,,0,35.99302439,128.3992228
대구 서구,P756747,우주폰,대구 서구 원대동,1,공감,1,,0,35.88539056,128.5735001
경남 진주시,P759654,휴대폰성지_진주,경남 진주시 소호로 39,1,에스엠,1,,0,35.17055182,128.811744
경북 예천군,P761531,H.바른예천,경북 예천군 예천읍 시장로 115,1,뉴에이스,1,,0,36.65704995,128.4563574
대구 남구,P767483,부림안지랑,대구 남구 대명로 177,1,뉴에이스,1,,0,35.83937623,128.577147
경북 경산시,P767659,휴대폰성지 정평점,경북 경산시 경산로 280,1,유모스트,1,,0,35.82752849,128.7258654
경북 포항시,P781531,핫폰포항대도,경북 포항시 남구 상공로 157-1,1,뉴에이스,1,,0,36.02111264,129.3630713
경남 거창군,P782039,대명통신,경남 거창군 거창읍 거열로 137,1,서부모바일,1,,0,35.68930378,127.9087446
경북 경산시,P790573,휴대폰성지 옆커폰 하양역점,경북 경산시 하양읍 하양로 79,1,태성,1,,0,35.91237648,128.8123265
대구 수성구,P792736,태성지산,대구 수성구 지범로 183,1,태성,1,,0,35.82161887,128.6398463
대구 동구,P802481,주식회사 벨뷰네트웍스,대구 동구 안심1동,1,에스엠,1,,0,35.87041127,128.701619
부산 해운대구,P803263,미르컴퍼니,부산 해운대구 선수촌로 91,1,도매직영,1,,0,35.20188915,129.1191567
부산 사상구,P806443,중고폰나라_덕포글로벌통신,부산 사상구 사상로309번길 56,1,도매직영,1,,0,35.17270623,128.9802893
부산 남구,P811942,휴대폰성지(대연동),부산 남구 진남로 8,1,에스엠,1,,0,35.13570176,129.0919673
경북 경주시,P813075,휴대폰성지,경북 경주시 외동읍 산업로 1750,1,유모스트,1,,0,35.71740771,129.3275627
경남 김해시,P813859,옆커폰김해삼계,경남 김해시 삼계중앙로 49,1,유모스트,1,,0,35.26090161,128.8704622
경남 김해시,P819811,김해휴대폰성지_로켓폰 장유점,경남 김해시 장유로 270,1,강산,1,,0,35.20084182,128.8121158
대구 남구,P823637,케이 솔루션,대구 남구 중앙대로 247,1,공감,1,,0,35.85548697,128.5903921
경남 창원시,P833801,한영직영모바일,경남 창원시 진해구 웅동로 76,1,도매직영,1,,0,35.12435888,128.7846031
대구 북구,P837055,언니통신,대구 북구 칠곡중앙대로 457,1,에스엠,1,,0,35.9365955,128.5487406
경남 김해시,P841919,통합외동점,경남 김해시 내외중앙로 69,1,에스엠,1,,0,35.23521362,128.8646582
부산 서구,P845681,행운폰,부산 서구 자갈치로 2,1,에스엠,1,,0,35.09620278,129.0247481
울산 남구,P848739,현대모바일,울산 남구 돋질로 104,1,태성,1,,0,35.53893379,129.3170701
경남 창원시,P849557,텔레민트,경남 창원시 마산합포구 남성로 81,1,도매직영,1,,0,35.20478036,128.5734418
경남 창원시,P854681,폰허브모바일,경남 창원시 마산합포구 교방서1길 1,1,유모스트,1,,0,35.21475395,128.5645104
울산 울주군,P856550,휴대폰성지,울산 울주군 범서읍 대리로 81,1,에이스,1,,0,35.56787461,129.2499283
경북 포항시,P857013,88통신,경북 포항시 남구 오천읍 정몽주로 552,1,유모스트,1,,0,35.96310899,129.4147156
부산 동래구,P857168,폰픽 동래점,부산 동래구 충렬대로181번길 36,1,수석_경상,1,,0,35.20535505,129.0801289
대구 동구,P863439,옆커폰율하,대구 동구 안심로16길 45,1,태성,1,,0,35.86456747,128.6951048
대구 남구,P864705,(드)투투,대구 남구 현충로5길 75,1,수석_충청,1,,0,35.83406228,128.5752891
울산 남구,P866166,또오이,울산 남구 삼호동,1,유모스트,1,,0,35.5499873,129.2660171
경북 울진군,P872569,전국 휴대폰 특판매장,경북 울진군 울진읍 울진중앙로 140,1,에스엠,1,,0,36.99404914,129.4013242
부산 부산진구,P890236,부싼컴퍼니,부산 부산진구 가야대로 635-12,1,에스엠,1,,0,35.15636826,129.0416664
대구 수성구,P891356,옆커폰 범물점,대구 수성구 범물2동,1,태성,1,,0,35.8175281,128.6434302
대구 달성군,P891870,옆커폰세천,대구 달성군 다사읍 세천로 160,1,태성,1,,0,35.87442098,128.4802491
경북 구미시,P896609,휴대폰파는총각 비산점,경북 구미시 수출대로3길 111,1,뉴에이스,1,,0,36.12098106,128.3715483
부산 사하구,P900653,고구려모바일,부산 사하구 낙동대로 553-2,1,에스엠,1,,0,35.11311778,128.963485
경북 영천시,P900837,H.정상텔레콤,경북 영천시 시장로 56-2,1,태성,1,,0,35.96325088,128.9364427
부산 북구,P901823,옆커폰 화명점,부산 북구 화명신도시로 117,1,유모스트,1,,0,35.2319086,129.0100628
울산 남구,P903865,옆커폰 무거점,울산 남구 북부순환도로13번길 17,1,유모스트,1,,0,35.55188283,129.2634975
경북 포항시,P904179,로언Re통신,경북 포항시 남구 상공로 148,1,도매직영,1,,0,36.02025541,129.3628942
경남 창원시,P913202,미니 모바일,경남 창원시 진해구 충장로 353,1,태성,1,,0,35.15392737,128.690703
울산 울주군,P915444,혜성정보통신,울산 울주군 온산읍 신온3길 2,1,에스엠,1,,0,35.43117624,129.3091101
경북 경주시,P915954,H.꿀통신,경북 경주시 동성로 108,1,수인,1,,0,35.84319798,129.2121896
부산 사하구,P916594,(엘샤다이) 준모바일,부산 사하구 다대로144번길 79,1,에스엠,1,,0,35.09119163,128.9756302
울산 남구,P916880,휴대폰성지_폰팜,울산 남구 번영로15번길 20-9,1,유모스트,1,,0,35.52783289,129.3281486
대구 중구,P917242,휴대폰성지말폰_대구점,대구 중구 달구벌대로 지하 2160,1,메타,1,,0,35.86432567,128.5986401
경남 김해시,P919259,옆커폰김해어방,경남 김해시 인제로 175,1,태성,1,,0,35.24437385,128.9036811
대구 동구,P920250,휴대폰하우스,대구 동구 아양로 79,1,공감,1,,0,35.88333976,128.6225263
대구 북구,P922719,퐁당폰당,대구 북구 한강로 20,1,에스엠,1,,0,35.89677194,128.5116523
부산 사하구,P938905,폰슐랭부산사하,부산 사하구 낙동대로 280,1,에스엠,1,,0,35.09916958,128.9831612
부산 강서구,P944572,노란마켓 명지점,부산 강서구 명지국제6로 99,1,에스엠,1,,0,35.09260384,128.9099052
대구 수성구,P946987,태양컴퍼니,대구 수성구 범어로16길 16,1,도매직영,1,,0,35.8558972,128.6364893
경북 칠곡군,P950686,JH통신,경북 칠곡군 왜관읍 중앙로 190,1,뉴에이스,1,,0,35.99189306,128.3993018
대구 남구,P954767,도_참텔레콤,대구 남구 봉덕로 101,1,뉴에이스,1,,0,35.84484961,128.6016224
부산 기장군,P955474,TOP통신,부산 기장군 기장읍 차성로288번길 50,1,도매직영,1,,0,35.24289315,129.2163408
경북 김천시,P955631,유진통신,경북 김천시 김천로 82-1,1,에스엠,1,,0,36.12487964,128.1115816
경남 창원시,P959954,돼지통신,경남 창원시 성산구 원이대로393번길 20,1,유모스트,1,,0,35.23912321,128.6628712
경북 김천시,P961316,번개통신,경북 김천시 양금로 262-1,1,도매직영,1,,0,36.11746219,128.1244113
대구 서구,P962201,제허니통신,대구 서구 북비산로 236,1,뉴에이스,1,,0,35.87893991,128.5590028
부산 사하구,P962331,건우모바일,부산 사하구 장평로 300,1,태성,1,,0,35.09296126,128.9736184
대구 달성군,P962365,황제화원,대구 달성군 화원읍 비슬로 2602,1,태성,1,,0,35.80441683,128.501251
경북 성주군,P965659,도_일촌(성주),경북 성주군 성주읍 성주로 3233,1,도매직영,1,,0,35.91809831,128.287507
대구 북구,P965859,1칠곡,대구 북구 구암로65길 48,1,태성,1,,0,35.94159705,128.5646119
경남 창원시,P968659,(셀)휴대폰성지_삼계점,경남 창원시 마산회원구 내서읍 삼계로 6,1,수석_경상,1,,0,35.23226994,128.5040666
경북 영천시,P971288,근이네휴대폰,경북 영천시 언하공단로 98,1,수인,1,,0,35.98610108,128.9529044
울산 남구,P977259,땅콩텔레콤,울산 남구 북부순환도로13번길 15,1,에스엠,1,,0,35.55178414,129.2637961
울산 동구,P982302,울산동구개꿀폰,울산 동구 화문로 76,1,유모스트,1,,0,35.48244468,129.4166741
대구 북구,P986269,엔젤통신 칠곡점,대구 북구 학정로 38,1,뉴에이스,1,,0,35.91325196,128.5468752
대구 남구,P986685,폰연구소성당,대구 남구 성당로 188,1,태성,1,,0,35.84999733,128.5721642
경남 밀양시,P987544,(셀)휴대폰성지_밀양점,경남 밀양시 중앙로 272,1,유모스트,1,,0,35.48748595,128.7554247
부산 해운대구,P991215,휴대폰성지,부산 해운대구 반여로 98,1,메타,1,,0,35.20031085,129.1234262
대구 중구,P996278,T모바일카페,대구 중구 달구벌대로 지하 2100,1,수인,1,,0,35.86442132,128.5933408
